id,title_en,title_es,current_type,current_route,current_level,current_domain,learning_objective,actual_user_action,estimated_minutes,prerequisites,related_concepts,primary_sources,images,interactive_elements,technical_accuracy_status,content_depth,cognitive_load,duplication_candidates,target_route,target_stage,target_type,recommended_action,migration_notes,confidence
concept:big-o-as-tradeoff,"Big-O as a decision tool, not trivia","Big-O como herramienta de decisión, no como trivia",spine-concept,/[locale]/lesson/technical-depth-l3,L3,technical-depth,Your query is fast on today's table. What lets you say whether it stays fast when the table is a thousand times bigger?,read+manipulate-widget+answer-check+graded-checkpoint+self-graded-recall,5,,exact-flat-vector-search,roadmap.sh/computer-science — Asymptotic Notation / Algorithmic Complexity|roadmap.sh/computer-science — Asymptotic Notation / Algorithmic Complexity,schematic:compare,big-o|cloze|categorize,sourced,9,680,,shared-foundations,F1,shared-foundation,CONVERT_TO_SHARED_FOUNDATION,"Appears in both routes' prerequisite closure; canonical definition in Codex, application per route.",high
concept:data-structure-selection,Choosing a data structure by access pattern,Elegir una estructura de datos según el patrón de acceso,spine-concept,/[locale]/lesson/technical-depth-l3,L3,technical-depth,"You need to find one record by id thousands of times a second. Does a list, a hash map, or a tree earn its keep here?",read+manipulate-widget+answer-check+graded-checkpoint+self-graded-recall,4,big-o-as-tradeoff,,"roadmap.sh/computer-science — Data Structures (Arrays, Hash Tables, Trees)|roadmap.sh/computer-science — Data Structures (Arrays, Hash Tables, Trees)",schematic:flow,decision-flow|match|order,sourced,8,549,,shared-foundations,F1,shared-foundation,CONVERT_TO_SHARED_FOUNDATION,"Appears in both routes' prerequisite closure; canonical definition in Codex, application per route.",high
concept:memory-model-basics,"Memory, allocation and cache locality","Memoria, asignación y localidad de cache",spine-concept,/[locale]/lesson/technical-depth-l3,L3,technical-depth,Two loops have the same Big-O and one runs ten times slower. What does the way the data sits in memory have to do with it?,read+answer-check+graded-checkpoint+self-graded-recall,4,data-structure-selection,hnsw-index|kv-cache-memory-cost|weight-quantization-vs-kv-cache-quantization,roadmap.sh/computer-science — Memory Allocation / How CPU Executes Programs|roadmap.sh/computer-science — Memory Allocation / How CPU Executes Programs,schematic:stack,categorize|cloze,sourced,10,737,,shared-foundations,F1,shared-foundation,CONVERT_TO_SHARED_FOUNDATION,"Appears in both routes' prerequisite closure; canonical definition in Codex, application per route.",high
concept:acid-transactions,What a transaction actually guarantees (ACID),Qué garantiza realmente una transacción (ACID),spine-concept,/[locale]/lesson/technical-depth-l3,L3,technical-depth,"The process dies halfway through moving money between two accounts. What exactly does the database promise you here, and what does it not?",read+answer-check+graded-checkpoint+self-graded-recall,3,,,"Kleppmann, Designing Data-Intensive Applications, Ch.7 (Transactions — ACID)|Kleppmann, Designing Data-Intensive Applications, Ch.7 (Transactions — ACID)",schematic:flow,match|order,sourced,8,553,,shared-foundations,F1,shared-foundation,CONVERT_TO_SHARED_FOUNDATION,"Appears in both routes' prerequisite closure; canonical definition in Codex, application per route.",high
concept:concurrency-and-races,"Concurrency: races, locks and deadlock","Concurrencia: condiciones de carrera, locks y deadlock",spine-concept,/[locale]/lesson/technical-depth-l4,L4,technical-depth,"Two requests read the same counter and both write five instead of six. When does a lock fix that, and when does it freeze everything?",read+manipulate-widget+answer-check+graded-checkpoint+self-graded-recall,4,data-structure-selection,,"roadmap.sh/computer-science — Concurrency, Processes & Threads, Locks/Deadlock|roadmap.sh/computer-science — Concurrency, Processes & Threads, Locks/Deadlock",schematic:compare,decision-flow|cloze|categorize,sourced,8,614,,shared-foundations,F1,shared-foundation,CONVERT_TO_SHARED_FOUNDATION,"Appears in both routes' prerequisite closure; canonical definition in Codex, application per route.",high
concept:indexing-tradeoffs,Indexes: B-tree vs hash and their cost,Índices: B-tree vs hash y su costo,spine-concept,/[locale]/lesson/technical-depth-l4,L4,technical-depth,A new index made the report instant and doubled the time of the nightly load. Which indexes are worth paying that tax on writes?,read+manipulate-widget+answer-check+graded-checkpoint+self-graded-recall,5,data-structure-selection,structural-markdown-aware-chunking|parent-document-retrieval|dense-retrieval|learned-sparse-retrieval|scalar-quantization-int8|binary-quantization|recall-latency-memory-triangle|exact-flat-vector-search|ivf-pq-index|bm25-lexical-retrieval|prefilter-vs-postfilter-metadata-filtering,"Kleppmann, DDIA, Ch.3 (Storage & Retrieval — Hash Indexes, B-Trees)|Kleppmann, DDIA, Ch.3 (Storage & Retrieval — Hash Indexes, B-Trees)",schematic:compare,big-o|match|categorize,sourced,8,627,,shared-foundations,F1,shared-foundation,CONVERT_TO_SHARED_FOUNDATION,"Appears in both routes' prerequisite closure; canonical definition in Codex, application per route.",high
concept:isolation-levels,Isolation levels and concurrency anomalies,Niveles de aislamiento y anomalías de concurrencia,spine-concept,/[locale]/lesson/technical-depth-l4,L4,technical-depth,"Two people book the last seat at the same moment and both succeed. Which isolation level would have caught that, and what does it cost?",read+manipulate-widget+answer-check+graded-checkpoint+self-graded-recall,5,acid-transactions|concurrency-and-races,,"Kleppmann, DDIA, Ch.7 (Weak Isolation Levels)|Kleppmann, DDIA, Ch.7 (Weak Isolation Levels)",schematic:stack,spectrum|order|match,sourced,8,625,,shared-foundations,F1,shared-foundation,CONVERT_TO_SHARED_FOUNDATION,"Appears in both routes' prerequisite closure; canonical definition in Codex, application per route.",high
concept:network-latency-throughput,"The network: latency, throughput and tail","La red: latencia, throughput y cola (tail)",spine-concept,/[locale]/lesson/technical-depth-l4,L4,technical-depth,"The average call answers in milliseconds, yet one page in a hundred takes seconds. Why does adding bandwidth not make that page fast?",read+manipulate-widget+answer-check+graded-checkpoint+self-graded-recall,5,,prefill-vs-decode|ttft-vs-itl-vs-throughput,"roadmap.sh/backend — Networking; Kleppmann, DDIA, Ch.8 (Unreliable Networks)|roadmap.sh/backend — Networking; Kleppmann, DDIA, Ch.8 (Unreliable Networks)",schematic:compare,latency-budget|cloze|order,sourced,8,622,,shared-foundations,F1,shared-foundation,CONVERT_TO_SHARED_FOUNDATION,"Appears in both routes' prerequisite closure; canonical definition in Codex, application per route.",high
concept:caching-strategies,Caching and invalidation strategies,Estrategias de cache e invalidación,spine-concept,/[locale]/lesson/technical-depth-l4,L4,technical-depth,"The page loads instantly and shows a price that changed an hour ago. Who owns that wrong answer, the cache or the code that wrote it?",read+manipulate-widget+answer-check+graded-checkpoint+self-graded-recall,5,indexing-tradeoffs|network-latency-throughput,prompt-caching,"roadmap.sh/backend — Caching (Client/Server/CDN, invalidation)|roadmap.sh/backend — Caching (Client/Server/CDN, invalidation)",schematic:flow,consistency|categorize|match,sourced,8,646,,shared-foundations,F1,shared-foundation,CONVERT_TO_SHARED_FOUNDATION,"Appears in both routes' prerequisite closure; canonical definition in Codex, application per route.",high
concept:performance-engineering-methodology-capacity-planning,"Performance Engineering: Measure, Budget, Forecast","Ingeniería de rendimiento: medir, presupuestar, pronosticar",spine-concept,/[locale]/lesson/technical-depth-l4,L4,technical-depth,Everyone on the team has a theory about what is slow. How do you find out where the time and the capacity really go before rewriting anything?,read+manipulate-widget+answer-check+graded-checkpoint+self-graded-recall,5,,continuous-batching,"Brendan Gregg, ""Systems Performance: Enterprise and the Cloud"", 2nd ed. (2020) — the USE method; and Jeff Dean's ""Latency Numbers Every Programmer Should Know.""|Brendan Gregg, ""Systems Performance: Enterprise and the Cloud"", 2nd ed. (2020) — the USE method; and Jeff Dean's ""Latency Numbers Every Programmer Should Know.""",schematic:flow,scaling-curves|order|cloze,sourced,8,626,,shared-foundations,F1,shared-foundation,CONVERT_TO_SHARED_FOUNDATION,"Appears in both routes' prerequisite closure; canonical definition in Codex, application per route.",high
concept:durability-and-crash-recovery,"Durability, write-ahead logging and crash recovery","Durabilidad, write-ahead log y recuperación ante fallos",spine-concept,/[locale]/lesson/technical-depth-l5,L5,technical-depth,"The write returned OK and then the machine lost power. What was actually on disk, and what did fsync have to do with it?",read+answer-check+graded-checkpoint+self-graded-recall,3,acid-transactions,,"Kleppmann, DDIA, Ch.3 (Storage & Retrieval — Making B-Trees Reliable: write-ahead/redo log, crash recovery)|Kleppmann, DDIA, Ch.3 (Storage & Retrieval — Making B-Trees Reliable: write-ahead/redo log, crash recovery)",schematic:flow,cloze|order,sourced,9,651,,shared-foundations,F2,shared-foundation,CONVERT_TO_SHARED_FOUNDATION,"Appears in both routes' prerequisite closure; canonical definition in Codex, application per route.",high
concept:storage-engines-lsm-vs-btree,Storage engines: LSM-tree vs B-tree,Motores de almacenamiento: LSM-tree vs B-tree,spine-concept,/[locale]/lesson/technical-depth-l5,L5,technical-depth,"Your workload is mostly writes with occasional lookups. Do you want a store that appends and merges later, or one that updates pages in place?",read+manipulate-widget+answer-check+graded-checkpoint+self-graded-recall,4,indexing-tradeoffs|durability-and-crash-recovery,disk-based-ann,"Kleppmann, DDIA, Ch.3 (SSTables & LSM-Trees vs B-Trees, amplification)|Kleppmann, DDIA, Ch.3 (SSTables & LSM-Trees vs B-Trees, amplification)",schematic:compare,spectrum|match|categorize,sourced,7,523,,shared-foundations,F2,shared-foundation,CONVERT_TO_SHARED_FOUNDATION,"Appears in both routes' prerequisite closure; canonical definition in Codex, application per route.",high
concept:replication-models,"Replication: single-leader, multi-leader, leaderless","Replicación: líder único, multi-líder, sin líder",spine-concept,/[locale]/lesson/technical-depth-l5,L5,technical-depth,"How many copies of your data are allowed to accept writes, and what happens when two of them accept conflicting writes for the same row?",read+manipulate-widget+answer-check+graded-checkpoint+self-graded-recall,4,isolation-levels,,"Kleppmann, DDIA, Ch.5 (Leaders & Followers, Multi-Leader, Leaderless)|Kleppmann, DDIA, Ch.5 (Leaders & Followers, Multi-Leader, Leaderless)",schematic:compare,consensus|order|match,sourced,7,570,,shared-foundations,F2,shared-foundation,CONVERT_TO_SHARED_FOUNDATION,"Appears in both routes' prerequisite closure; canonical definition in Codex, application per route.",high
concept:partitioning-sharding,Partitioning and sharding without hot spots,Particionamiento y sharding sin puntos calientes,spine-concept,/[locale]/lesson/technical-depth-l5,L5,technical-depth,You spread the table across many machines and one of them is still pinned at full load. What did the partition key get wrong?,read+manipulate-widget+answer-check+graded-checkpoint+self-graded-recall,4,replication-models,,"Kleppmann, DDIA, Ch.6 (Partitioning by Key Range/Hash, Rebalancing)|Kleppmann, DDIA, Ch.6 (Partitioning by Key Range/Hash, Rebalancing)",schematic:compare,spectrum|cloze|categorize,sourced,8,605,,shared-foundations,F2,shared-foundation,CONVERT_TO_SHARED_FOUNDATION,"Appears in both routes' prerequisite closure; canonical definition in Codex, application per route.",high
concept:linearizability-vs-eventual,Linearizable vs eventual consistency and its price,Consistencia linealizable vs eventual y su precio,spine-concept,/[locale]/lesson/technical-depth-l5,L5,technical-depth,"You write a value, read it back from another replica, and get the old one. What would it cost to guarantee that never happens?",read+manipulate-widget+answer-check+graded-checkpoint+self-graded-recall,4,replication-models,,"Kleppmann, DDIA, Ch.9 (Linearizability); Jepsen consistency map (jepsen.io/consistency/models)|Kleppmann, DDIA, Ch.9 (Linearizability); Jepsen consistency map (jepsen.io/consistency/models)",schematic:compare,consistency|cloze|categorize,sourced,7,571,,shared-foundations,F2,shared-foundation,CONVERT_TO_SHARED_FOUNDATION,"Appears in both routes' prerequisite closure; canonical definition in Codex, application per route.",high
concept:cap-theorem,CAP: consistency (=linearizability) vs availability under partition,CAP: consistencia (=linealizabilidad) vs disponibilidad ante partición,spine-concept,/[locale]/lesson/technical-depth-l5,L5,technical-depth,"The link between your two datacenters drops. Do you refuse writes until it returns, or keep answering with data that may already be wrong?",read+manipulate-widget+answer-check+graded-checkpoint+self-graded-recall,5,linearizability-vs-eventual,,"Kleppmann, DDIA, Ch.9 (CAP's consistency = linearizability); Gilbert & Lynch, 'Brewer's Conjecture and the Feasibility of CAP' (2002 — atomic/linearizable consistency)|Kleppmann, DDIA, Ch.9 (CAP's consistency = linearizability); Gilbert & Lynch, 'Brewer's Conjecture and the Feasibility of CAP' (2002 — atomic/linearizable consistency)",schematic:compare,consistency|match|categorize,sourced,7,590,,shared-foundations,F2,shared-foundation,CONVERT_TO_SHARED_FOUNDATION,"Appears in both routes' prerequisite closure; canonical definition in Codex, application per route.",high
concept:stream-processing-derived-data-systems,Stream Processing and Derived Data: Stop Doing Dual Writes,Procesamiento de streams y datos derivados: deja de hacer escrituras duales,spine-concept,/[locale]/lesson/technical-depth-l5,L5,technical-depth,Your handler writes the order to the database and to the search index. What happens on the day the second of those writes fails?,read+manipulate-widget+answer-check+graded-checkpoint+self-graded-recall,4,,,"Designing Data-Intensive Applications, Martin Kleppmann (O'Reilly) — Part III: Derived Data, Chapters 10-12|Designing Data-Intensive Applications, Martin Kleppmann (O'Reilly) — Part III: Derived Data, Chapters 10-12",schematic:compare,decision-flow|cloze|order,sourced,7,541,,shared-foundations,F2,shared-foundation,CONVERT_TO_SHARED_FOUNDATION,"Appears in both routes' prerequisite closure; canonical definition in Codex, application per route.",high
concept:security-engineering-threat-modeling-authn,Threat Modeling: Owning Security at Design Time,Modelado de amenazas: ser dueño de la seguridad desde el diseño,spine-concept,/[locale]/lesson/technical-depth-l5,L5,technical-depth,"Before a line of code exists: who would want to attack this system, where would they get in, and how far could they reach?",read+manipulate-widget+answer-check+graded-checkpoint+self-graded-recall,5,,,"Adam Shostack, ""Threat Modeling: Designing for Security"" (Wiley, 2014) — the canonical STRIDE reference; complemented by Google's ""Building Secure and Reliable Systems"" (O'Reilly, 2020).|Adam Shostack, ""Threat Modeling: Designing for Security"" (Wiley, 2014) — the canonical STRIDE reference; complemented by Google's ""Building Secure and Reliable Systems"" (O'Reilly, 2020).",schematic:flow,threat-board|match|order,sourced,7,618,,shared-foundations,F2,shared-foundation,CONVERT_TO_SHARED_FOUNDATION,"Appears in both routes' prerequisite closure; canonical definition in Codex, application per route.",high
concept:pacelc-tradeoffs,PACELC: latency vs consistency even without partitions,PACELC: latencia vs consistencia incluso sin particiones,spine-concept,/[locale]/lesson/technical-depth-l6,L6,technical-depth,"The network is perfectly healthy today. Why is every read still paying for consistency, and what would you get back by giving some of it up?",read+manipulate-widget+answer-check+graded-checkpoint+self-graded-recall,4,cap-theorem|linearizability-vs-eventual,,"Abadi, 'Consistency Tradeoffs in Modern Distributed Database System Design' (PACELC), IEEE Computer, 2012|Abadi, 'Consistency Tradeoffs in Modern Distributed Database System Design' (PACELC), IEEE Computer, 2012",schematic:compare,consistency|match|categorize,sourced,7,510,,shared-foundations,F3,shared-foundation,CONVERT_TO_SHARED_FOUNDATION,"Appears in both routes' prerequisite closure; canonical definition in Codex, application per route.",high
concept:consistency-model-spectrum,"The consistency spectrum: causal, snapshot, serializable","El espectro de consistencia: causal, snapshot, serializable",spine-concept,/[locale]/lesson/technical-depth-l6,L6,technical-depth,Chat messages only need to arrive in a sensible order; a money transfer needs far more. Which named model does each of those two actually require?,read+manipulate-widget+answer-check+graded-checkpoint+self-graded-recall,5,linearizability-vs-eventual|isolation-levels,,"Jepsen consistency models hierarchy (jepsen.io/consistency/models — strict serializable → serializable → SI/RR; linearizable → sequential → causal → PRAM); Kleppmann, DDIA Ch.9 (linearizability and serializability are orthogonal)|Jepsen consistency models hierarchy (jepsen.io/consistency/models — strict serializable → serializable → SI/RR; linearizable → sequential → causal → PRAM); Kleppmann, DDIA Ch.9 (linearizability and serializability are orthogonal)",schematic:axes,consistency|categorize|order,sourced,8,627,,shared-foundations,F3,shared-foundation,CONVERT_TO_SHARED_FOUNDATION,"Appears in both routes' prerequisite closure; canonical definition in Codex, application per route.",high
concept:delivery-semantics-idempotency,Delivery semantics and idempotency (at-least-once vs exactly-once),Semántica de entrega e idempotencia (al-menos-una-vez vs exactamente-una-vez),spine-concept,/[locale]/lesson/technical-depth-l6,L6,technical-depth,The payment request timed out and the client retried it. How do you make sure the customer is not charged a second time?,read+manipulate-widget+answer-check+graded-checkpoint+self-graded-recall,4,network-latency-throughput,tool-error-as-prompt,"Kleppmann, DDIA, Ch.11 (Stream Processing — Fault Tolerance: at-least-once vs exactly-once, idempotence, atomic commit) and Ch.12 (idempotence, dedup)|Kleppmann, DDIA, Ch.11 (Stream Processing — Fault Tolerance: at-least-once vs exactly-once, idempotence, atomic commit) and Ch.12 (idempotence, dedup)",schematic:flow,spectrum|cloze|order,sourced,7,508,,shared-foundations,F3,shared-foundation,CONVERT_TO_SHARED_FOUNDATION,"Appears in both routes' prerequisite closure; canonical definition in Codex, application per route.",high
concept:consensus-and-atomic-commit,"Consensus and atomic commit (Raft, quorums, 2PC)","Consenso y commit atómico (Raft, quorums, 2PC)",spine-concept,/[locale]/lesson/technical-depth-l6,L6,technical-depth,Your nodes have to agree on exactly one leader while messages are being lost. When does that justify a Raft cluster instead of a simpler quorum?,read+manipulate-widget+answer-check+graded-checkpoint+self-graded-recall,4,replication-models|partitioning-sharding,,"Kleppmann, DDIA, Ch.9 (Consensus, 2PC); Ongaro & Ousterhout, 'In Search of an Understandable Consensus Algorithm' (Raft), 2014|Kleppmann, DDIA, Ch.9 (Consensus, 2PC); Ongaro & Ousterhout, 'In Search of an Understandable Consensus Algorithm' (Raft), 2014",schematic:compare,consensus|match|categorize,sourced,8,616,,shared-foundations,F3,shared-foundation,CONVERT_TO_SHARED_FOUNDATION,"Appears in both routes' prerequisite closure; canonical definition in Codex, application per route.",high
concept:distributed-failure-modes,"Partial failure: clocks, split-brain, network faults","Falla parcial: relojes, split-brain, fallas de red",spine-concept,/[locale]/lesson/technical-depth-l6,L6,technical-depth,A node stopped answering and its clock disagrees with yours. How do you tell dead from slow before you promote a second leader?,read+answer-check+graded-checkpoint+self-graded-recall,4,network-latency-throughput|consensus-and-atomic-commit,,"Kleppmann, DDIA, Ch.8 (The Trouble with Distributed Systems — Unreliable Clocks, Process Pauses)|Kleppmann, DDIA, Ch.8 (The Trouble with Distributed Systems — Unreliable Clocks, Process Pauses)",schematic:flow,cloze|match,sourced,9,663,,shared-foundations,F3,shared-foundation,CONVERT_TO_SHARED_FOUNDATION,"Appears in both routes' prerequisite closure; canonical definition in Codex, application per route.",high
concept:backpressure-flow-control,"Backpressure, load shedding and bounded resources","Backpressure, descarte de carga y recursos acotados",spine-concept,/[locale]/lesson/technical-depth-l6,L6,technical-depth,"Traffic doubles, every queue keeps growing, and clients keep retrying. Would you rather reject some requests now or watch the whole system stop?",read+manipulate-widget+answer-check+graded-checkpoint+self-graded-recall,4,network-latency-throughput,,"Google SRE Book, 'Handling Overload' & 'Addressing Cascading Failures' (sre.google/sre-book)|Google SRE Book, 'Handling Overload' & 'Addressing Cascading Failures' (sre.google/sre-book)",schematic:compare,latency-budget|order|cloze,sourced,8,608,,shared-foundations,F3,shared-foundation,CONVERT_TO_SHARED_FOUNDATION,"Appears in both routes' prerequisite closure; canonical definition in Codex, application per route.",high
concept:consistency-as-org-constraint,Consistency guarantees as an org-wide contract,Garantías de consistencia como contrato organizacional,spine-concept,/[locale]/lesson/technical-depth-l7,L7,technical-depth,Dozens of teams are each choosing their own consistency guarantee. What would you publish as a platform so they stop deciding it service by service?,read+manipulate-widget+answer-check+graded-checkpoint+self-graded-recall,4,consistency-model-spectrum|pacelc-tradeoffs,,"Kleppmann, DDIA, Ch.9 + Ch.12 (Ordering Guarantees, Aiming for Correctness); Jepsen consistency map|Kleppmann, DDIA, Ch.9 + Ch.12 (Ordering Guarantees, Aiming for Correctness); Jepsen consistency map",schematic:axes,consistency|cloze|match,sourced,7,500,,shared-foundations,F3,shared-foundation,CONVERT_TO_SHARED_FOUNDATION,"Appears in both routes' prerequisite closure; canonical definition in Codex, application per route.",high
concept:evolvability-and-data-architecture,"Evolvability: encoding, schema change, unbundling the DB","Evolucionabilidad: codificación, cambio de esquema, desagregar la BD",spine-concept,/[locale]/lesson/technical-depth-l7,L7,technical-depth,A new field has to reach services owned by teams you will never meet. How do you change the schema without scheduling everyone at once?,read+answer-check+graded-checkpoint+self-graded-recall,3,storage-engines-lsm-vs-btree,,"Kleppmann, DDIA, Ch.4 (Encoding & Evolution) + Ch.12 (Unbundling the Database)|Kleppmann, DDIA, Ch.4 (Encoding & Evolution) + Ch.12 (Unbundling the Database)",schematic:stack,order|categorize,sourced,8,555,,shared-foundations,F3,shared-foundation,CONVERT_TO_SHARED_FOUNDATION,"Appears in both routes' prerequisite closure; canonical definition in Codex, application per route.",high
concept:correctness-under-partial-failure,End-to-end correctness under partial failure,Corrección extremo a extremo ante falla parcial,spine-concept,/[locale]/lesson/technical-depth-l7,L7,technical-depth,"Every piece of your infrastructure claims to be reliable, and duplicate orders still show up. Where does the check that actually protects the customer belong?",read+answer-check+graded-checkpoint+self-graded-recall,3,distributed-failure-modes|consensus-and-atomic-commit|delivery-semantics-idempotency,,"Kleppmann, DDIA, Ch.12 (End-to-End Argument, Idempotence); Saltzer, Reed & Clark, 'End-to-End Arguments in System Design' (1984)|Kleppmann, DDIA, Ch.12 (End-to-End Argument, Idempotence); Saltzer, Reed & Clark, 'End-to-End Arguments in System Design' (1984)",schematic:flow,cloze|categorize,sourced,7,514,,shared-foundations,F3,shared-foundation,CONVERT_TO_SHARED_FOUNDATION,"Appears in both routes' prerequisite closure; canonical definition in Codex, application per route.",high
concept:tradeoff-frameworks-org-scale,Authoring the org's tradeoff frameworks,Autoría de los marcos de tradeoff de la organización,spine-concept,/[locale]/lesson/technical-depth-l7,L7,technical-depth,"Every design review argues latency, durability and consistency from scratch again. What could you write down once so those arguments stop repeating?",read+answer-check+graded-checkpoint+self-graded-recall,3,consistency-as-org-constraint|correctness-under-partial-failure|backpressure-flow-control,,"Dropbox Engineering Career Framework — cited as evidence for the shape of Principal-scope expectations (IC6 Principal, IC7 Senior Principal), not a level-to-IC mapping (dropbox.github.io/dbx-career-framework); synthesized with Kleppmann, DDIA Part II/III|Dropbox Engineering Career Framework — cited as evidence for the shape of Principal-scope expectations (IC6 Principal, IC7 Senior Principal), not a level-to-IC mapping (dropbox.github.io/dbx-career-framework); synthesized with Kleppmann, DDIA Part II/III",schematic:compare,order|match,sourced,7,513,,shared-foundations,F3,shared-foundation,CONVERT_TO_SHARED_FOUNDATION,"Appears in both routes' prerequisite closure; canonical definition in Codex, application per route.",high
concept:tradeoff-vocabulary,"Naming the core tradeoffs: latency vs throughput, performance vs scalability","Nombrar los tradeoffs centrales: latencia vs throughput, rendimiento vs escalabilidad",spine-concept,/[locale]/lesson/systems-architecture-l3,L3,systems-architecture,"Batching doubled the requests your service handles per second and also doubled how long each one waits. Did performance improve, or only throughput?",read+manipulate-widget+answer-check+graded-checkpoint+self-graded-recall,3,,recall-latency-memory-triangle,"The System Design Primer (donnemartin/system-design-primer) — 'Performance vs scalability', 'Latency vs throughput'|The System Design Primer (donnemartin/system-design-primer) — 'Performance vs scalability', 'Latency vs throughput'",schematic:compare,spectrum|match,sourced,6,450,,shared-foundations,F1,shared-foundation,CONVERT_TO_SHARED_FOUNDATION,"Appears in both routes' prerequisite closure; canonical definition in Codex, application per route.",high
concept:horizontal-vs-vertical-scaling,"Scaling up vs scaling out, and why statelessness is the enabler","Escalar hacia arriba vs hacia los lados, y por qué la ausencia de estado lo habilita",spine-concept,/[locale]/lesson/systems-architecture-l3,L3,systems-architecture,You already bought the biggest instance the provider sells and traffic keeps growing. What has to change in your code before a second machine helps at all?,read+manipulate-widget+answer-check+assemble-architecture+graded-checkpoint+self-graded-recall,4,tradeoff-vocabulary,,"The System Design Primer — 'Application layer' and scalability sections; roadmap.sh system-design (Load Balancers, Scaling)|The System Design Primer — 'Application layer' and scalability sections; roadmap.sh system-design (Load Balancers, Scaling)",schematic:compare,scaling-curves|categorize|order,sourced,7,503,,shared-foundations,F1,shared-foundation,CONVERT_TO_SHARED_FOUNDATION,"Appears in both routes' prerequisite closure; canonical definition in Codex, application per route.",high
concept:caching-fundamentals-and-costs,"Caching: what it buys and what it costs (staleness, invalidation)","Caché: qué te da y qué te cuesta (datos rancios, invalidación)",spine-concept,/[locale]/lesson/systems-architecture-l3,L3,systems-architecture,"A cache made reads fast, and now some users see yesterday's price. What tells the cache its copy is wrong, and how stale is acceptable?",read+manipulate-widget+answer-check+graded-checkpoint+self-graded-recall,4,tradeoff-vocabulary,recall-latency-memory-triangle|paged-attention,"ByteByteGo system-design-101 — 'Top 5 Caching Strategies', 'Top 8 Cache Eviction Strategies'; System Design Primer — 'Cache'|ByteByteGo system-design-101 — 'Top 5 Caching Strategies', 'Top 8 Cache Eviction Strategies'; System Design Primer — 'Cache'",schematic:flow,spectrum|match|categorize,sourced,7,510,,shared-foundations,F1,shared-foundation,CONVERT_TO_SHARED_FOUNDATION,"Appears in both routes' prerequisite closure; canonical definition in Codex, application per route.",high
concept:rest-resource-modeling,Modeling an API around resources and HTTP verbs (Richardson levels 1-2),Modelar una API en torno a recursos y verbos HTTP (niveles 1-2 de Richardson),spine-concept,/[locale]/lesson/systems-architecture-l3,L3,systems-architecture,"Your API exposes POST /getUserData and POST /deleteUser, and every answer is 200. What do you gain by naming resources and letting verbs and status codes speak?",read+answer-check+graded-checkpoint+self-graded-recall,3,,,Martin Fowler — 'Richardson Maturity Model' (martinfowler.com/articles/richardsonMaturityModel.html)|Martin Fowler — 'Richardson Maturity Model' (martinfowler.com/articles/richardsonMaturityModel.html),schematic:compare,order,sourced,8,634,,shared-foundations,F1,shared-foundation,CONVERT_TO_SHARED_FOUNDATION,"Appears in both routes' prerequisite closure; canonical definition in Codex, application per route.",high
concept:capacity-estimation,Back-of-the-envelope estimation and latency numbers,Estimación a groso modo y números de latencia que debes conocer,spine-concept,/[locale]/lesson/systems-architecture-l3,L3,systems-architecture,"Someone asks you to design a photo feed. Before choosing any technology, how do you work out on a napkin whether one database could hold it?",read+manipulate-widget+answer-check+graded-checkpoint+self-graded-recall,4,tradeoff-vocabulary,exact-flat-vector-search|ivf-pq-index|kv-cache-memory-cost|batch-size-as-the-latency-cost-lever,"Alex Xu, 'System Design Interview' / ByteByteGo — 'Which Latency Numbers Should You Know?'|Alex Xu, 'System Design Interview' / ByteByteGo — 'Which Latency Numbers Should You Know?'",schematic:axes,latency-budget|order,sourced,9,689,,shared-foundations,F1,shared-foundation,CONVERT_TO_SHARED_FOUNDATION,"Appears in both routes' prerequisite closure; canonical definition in Codex, application per route.",high
concept:cap-and-consistency-patterns,"CAP as a tradeoff, and choosing weak / eventual / strong consistency","CAP como tradeoff, y elegir consistencia débil / eventual / fuerte",spine-concept,/[locale]/lesson/systems-architecture-l4,L4,systems-architecture,"The link between your two data centers drops. Do you keep taking writes and risk conflicting answers, or refuse them and go down for half your users?",read+manipulate-widget+answer-check+graded-checkpoint+self-graded-recall,4,tradeoff-vocabulary|horizontal-vs-vertical-scaling,,"The System Design Primer — 'Availability vs consistency (CAP)', 'Consistency patterns'; ByteByteGo — 'CAP Theorem: One of the Most Misunderstood Terms'|The System Design Primer — 'Availability vs consistency (CAP)', 'Consistency patterns'; ByteByteGo — 'CAP Theorem: One of the Most Misunderstood Terms'",schematic:compare,consistency|match|categorize,sourced,5,446,,shared-foundations,F1,shared-foundation,CONVERT_TO_SHARED_FOUNDATION,"Appears in both routes' prerequisite closure; canonical definition in Codex, application per route.",high
concept:datastore-selection,RDBMS vs NoSQL and normalization vs denormalization on purpose,RDBMS vs NoSQL y normalizar vs desnormalizar con intención,spine-concept,/[locale]/lesson/systems-architecture-l4,L4,systems-architecture,"The new feature reads one item by key and never joins anything. Should you pick the database you know best, or let the access pattern pick it?",read+manipulate-widget+answer-check+graded-checkpoint+self-graded-recall,4,cap-and-consistency-patterns,,"The System Design Primer — 'Database' (RDBMS, NoSQL, denormalization); ByteByteGo — 'Understanding Database Types', 'What does ACID mean?'|The System Design Primer — 'Database' (RDBMS, NoSQL, denormalization); ByteByteGo — 'Understanding Database Types', 'What does ACID mean?'",schematic:flow,decision-flow|categorize|cloze,sourced,5,430,,shared-foundations,F1,shared-foundation,CONVERT_TO_SHARED_FOUNDATION,"Appears in both routes' prerequisite closure; canonical definition in Codex, application per route.",high
concept:replication-and-sharding-tradeoffs,Read replicas and sharding: what they solve and what they break,Réplicas de lectura y sharding: qué resuelven y qué rompen,spine-concept,/[locale]/lesson/systems-architecture-l4,L4,systems-architecture,"A user saves their profile, reloads, and sees the old name. What did the read replica buy you, and what did splitting the table by key break?",read+manipulate-widget+answer-check+assemble-architecture+graded-checkpoint+self-graded-recall,4,datastore-selection|horizontal-vs-vertical-scaling,,"ByteByteGo — 'Read Replica Pattern', 'A Crash Course on Database Sharding', 'Top 4 Data Sharding Algorithms'|ByteByteGo — 'Read Replica Pattern', 'A Crash Course on Database Sharding', 'Top 4 Data Sharding Algorithms'",schematic:stack,decision-flow|order|match,sourced,6,466,,shared-foundations,F1,shared-foundation,CONVERT_TO_SHARED_FOUNDATION,"Appears in both routes' prerequisite closure; canonical definition in Codex, application per route.",high
concept:api-contract-and-idempotency,Designing contracts that survive retries: idempotency and versioning,Diseñar contratos que sobreviven a los reintentos: idempotencia y versionado,spine-concept,/[locale]/lesson/systems-architecture-l4,L4,systems-architecture,"The client timed out and retried, so your payment endpoint ran twice. How do you make the second call change nothing instead of charging the card again?",read+manipulate-widget+answer-check+graded-checkpoint+self-graded-recall,4,rest-resource-modeling,,"ByteByteGo — 'Top 6 Cases to Apply Idempotency', '8 Tips for Efficient API Design'; Fowler RMM (level 3 hypermedia for evolvability)|ByteByteGo — 'Top 6 Cases to Apply Idempotency', '8 Tips for Efficient API Design'; Fowler RMM (level 3 hypermedia for evolvability)",schematic:flow,decision-flow|cloze|order,sourced,8,609,,shared-foundations,F1,shared-foundation,CONVERT_TO_SHARED_FOUNDATION,"Appears in both routes' prerequisite closure; canonical definition in Codex, application per route.",high
concept:async-messaging-when-to-queue,When to introduce a queue — and the coupling it removes vs the complexity it adds,Cuándo introducir una cola: el acoplamiento que elimina vs la complejidad que agrega,spine-concept,/[locale]/lesson/systems-architecture-l4,L4,systems-architecture,"A queue absorbs your traffic spike and hides the producer from the consumer. Are you ready to own message order, duplicates, and a backlog nobody watches?",read+manipulate-widget+answer-check+assemble-architecture+graded-checkpoint+self-graded-recall,5,tradeoff-vocabulary|cap-and-consistency-patterns,continuous-batching,"The System Design Primer — 'Asynchronism' (message queues, back pressure); ByteByteGo — 'Types of Message Queues'|The System Design Primer — 'Asynchronism' (message queues, back pressure); ByteByteGo — 'Types of Message Queues'",schematic:compare,latency-budget|categorize|match,sourced,6,549,,shared-foundations,F1,shared-foundation,CONVERT_TO_SHARED_FOUNDATION,"Appears in both routes' prerequisite closure; canonical definition in Codex, application per route.",high
concept:monolith-first-microservice-premium,Monolith-first and the microservice premium: when NOT to split,Monolito primero y el sobreprecio de los microservicios: cuándo NO dividir,spine-concept,/[locale]/lesson/systems-architecture-l5,L5,systems-architecture,Your team of six wants to split one deployable into twelve services. What do you start paying for every call that used to be a function call?,read+manipulate-widget+answer-check+graded-checkpoint+self-graded-recall,4,replication-and-sharding-tradeoffs|async-messaging-when-to-queue,,"Martin Fowler — 'Microservice Trade-Offs' and 'MonolithFirst' (martinfowler.com)|Martin Fowler — 'Microservice Trade-Offs' and 'MonolithFirst' (martinfowler.com); Sam Newman, 'Monolith to Microservices'",schematic:compare,scaling-curves|cloze|categorize,sourced,9,655,,shared-foundations,F2,shared-foundation,CONVERT_TO_SHARED_FOUNDATION,"Appears in both routes' prerequisite closure; canonical definition in Codex, application per route.",high
concept:bounded-contexts-as-decomposition-unit,Bounded contexts: cutting systems along language and ownership seams,Contextos delimitados: cortar sistemas por las costuras de lenguaje y propiedad,spine-concept,/[locale]/lesson/systems-architecture-l5,L5,systems-architecture,"You split into frontend, backend and database services, and every new feature still touches all three. Where should the cut have gone instead?",read+manipulate-widget+answer-check+graded-checkpoint+self-graded-recall,4,monolith-first-microservice-premium,,"Martin Fowler — 'BoundedContext' (bliki), grounded in Eric Evans, Domain-Driven Design|Martin Fowler — 'BoundedContext' (bliki), grounded in Eric Evans, Domain-Driven Design",schematic:compare,spectrum|match|order,sourced,9,644,,shared-foundations,F2,shared-foundation,CONVERT_TO_SHARED_FOUNDATION,"Appears in both routes' prerequisite closure; canonical definition in Codex, application per route.",high
concept:reversible-vs-irreversible-decisions-adr,"One-way vs two-way doors, and recording decisions as ADRs","Puertas de un solo sentido vs de doble sentido, y registrar decisiones como ADRs",spine-concept,/[locale]/lesson/systems-architecture-l5,L5,systems-architecture,"Choosing a CSS framework and choosing your primary data store each take one meeting today. Which deserves a week, and who will remember the reason in two years?",read+manipulate-widget+answer-check+graded-checkpoint+self-graded-recall,5,monolith-first-microservice-premium,,"Reversibility framing: Jeff Bezos, Amazon 2015/2016 Letters to Shareholders (one-way vs two-way door, 'Type 1 / Type 2' decisions). ADR recording: joelparkerhenderson/architecture-decision-record + Michael Nygard, 'Documenting Architecture Decisions' (context/decision/consequences)|Jeff Bezos, Amazon 2015/2016 Letters to Shareholders (one-way vs two-way door, Type 1 / Type 2); Michael Nygard, 'Documenting Architecture Decisions'; joelparkerhenderson/architecture-decision-record",schematic:axes,decision-flow|categorize|order,sourced,9,691,,shared-foundations,F2,shared-foundation,CONVERT_TO_SHARED_FOUNDATION,"Appears in both routes' prerequisite closure; canonical definition in Codex, application per route.",high
concept:event-driven-architecture-tradeoffs,"Event-driven architecture: decoupling now, debugging-in-the-dark later","Arquitectura orientada a eventos: desacoplar hoy, depurar a ciegas mañana",spine-concept,/[locale]/lesson/systems-architecture-l5,L5,systems-architecture,Your services stopped calling each other and started publishing events. Now an order is stuck and no single log shows where. What did that decoupling cost?,read+manipulate-widget+answer-check+assemble-architecture+graded-checkpoint+self-graded-recall,5,async-messaging-when-to-queue|bounded-contexts-as-decomposition-unit,,"Martin Fowler — 'What do you mean by “Event-Driven”?' (martinfowler.com/articles/201701-event-driven.html), distinguishing event notification vs event-carried state transfer (and noting control flow that is 'not explicit in any program text'); roadmap.sh software-design-architecture (Architectural Styles: event-driven)|Martin Fowler — 'What do you mean by ""Event-Driven""?' (martinfowler.com/articles/201701-event-driven.html), event notification vs event-carried state transfer, control flow 'not explicit in any program text'",schematic:flow,consistency|match|cloze,sourced,9,670,,shared-foundations,F2,shared-foundation,CONVERT_TO_SHARED_FOUNDATION,"Appears in both routes' prerequisite closure; canonical definition in Codex, application per route.",high
concept:cqrs-when-it-helps-and-hurts,"CQRS: a scalpel for a few contexts, a trap for the whole system","CQRS: un bisturí para unos pocos contextos, una trampa para todo el sistema",spine-concept,/[locale]/lesson/systems-architecture-l5,L5,systems-architecture,In your reporting context reads outnumber writes a thousand to one. Is that a reason to split the write model from the read model in every other context too?,read+manipulate-widget+answer-check+graded-checkpoint+self-graded-recall,5,event-driven-architecture-tradeoffs|datastore-selection,,"Martin Fowler — 'CQRS' (bliki), including his cautions and the Reporting Database alternative|Martin Fowler — 'CQRS' (bliki), including his productivity caution and the Reporting Database alternative",schematic:compare,decision-flow|categorize|match,sourced,9,680,,shared-foundations,F2,shared-foundation,CONVERT_TO_SHARED_FOUNDATION,"Appears in both routes' prerequisite closure; canonical definition in Codex, application per route.",high
concept:distributed-data-sagas-outbox,"Consistency without distributed transactions: sagas, outbox, compensations","Consistencia sin transacciones distribuidas: sagas, outbox y compensaciones",spine-concept,/[locale]/lesson/systems-architecture-l6,L6,systems-architecture,"The order service committed and the payment service did not. With no transaction spanning both, how do you undo the first step and still publish the news exactly once?",read+answer-check+graded-checkpoint+self-graded-recall,3,event-driven-architecture-tradeoffs|api-contract-and-idempotency,,microservices.io — Saga pattern and Transactional Outbox (Chris Richardson)|microservices.io — Saga pattern and Transactional Outbox (Chris Richardson),schematic:flow,cloze|order,sourced,7,508,,shared-foundations,F3,shared-foundation,CONVERT_TO_SHARED_FOUNDATION,"Appears in both routes' prerequisite closure; canonical definition in Codex, application per route.",high
concept:designing-for-failure-resilience,Failure as the default: the fallacies of distributed computing and resiliency patterns,La falla como estado por defecto: las falacias del cómputo distribuido y patrones de resiliencia,spine-concept,/[locale]/lesson/systems-architecture-l6,L6,systems-architecture,"A dependency does not fail, it answers in thirty seconds, and every thread piles up behind it. Which defaults should have been in the code before that day?",read+manipulate-widget+answer-check+graded-checkpoint+self-graded-recall,4,cap-and-consistency-patterns|async-messaging-when-to-queue,,"L. Peter Deutsch & James Gosling — 'The Eight Fallacies of Distributed Computing' (Sun Microsystems, 1994/1997); ByteByteGo — 'Resiliency Patterns', 'Retry Strategies for System Failures'|L. Peter Deutsch & James Gosling — 'The Eight Fallacies of Distributed Computing' (Sun Microsystems, 1994/1997); ByteByteGo — 'Resiliency Patterns', 'Retry Strategies for System Failures'",schematic:flow,decision-flow|match|categorize,sourced,6,471,,shared-foundations,F3,shared-foundation,CONVERT_TO_SHARED_FOUNDATION,"Appears in both routes' prerequisite closure; canonical definition in Codex, application per route.",high
concept:observability-for-distributed-systems,Observability and SLOs: you cannot operate resilience you cannot see,Observabilidad y SLOs: no puedes operar una resiliencia que no puedes ver,spine-concept,/[locale]/lesson/systems-architecture-l6,L6,systems-architecture,"Your circuit breaker is configured and your retries have backoff. How would you know whether either one ever fired, and whether users felt it?",read+answer-check+graded-checkpoint+self-graded-recall,3,designing-for-failure-resilience,,"Google SRE Book — 'Service Level Objectives' (SLIs/SLOs/error budgets, sre.google/sre-book/service-level-objectives/); ByteByteGo — observability 'Logging, Tracing, Metrics' / distributed tracing sections|Google SRE Book — 'Service Level Objectives' (SLIs/SLOs/error budgets, sre.google/sre-book/service-level-objectives/); ByteByteGo — observability 'Logging, Tracing, Metrics' / distributed tracing sections",schematic:compare,cloze|categorize,sourced,8,551,,shared-foundations,F3,shared-foundation,CONVERT_TO_SHARED_FOUNDATION,"Appears in both routes' prerequisite closure; canonical definition in Codex, application per route.",high
concept:sacrificial-architecture-evolvability,Sacrificial architecture: designing for ~10x growth and graceful replacement,Arquitectura sacrificable: diseñar para ~10x de crecimiento y reemplazo elegante,spine-concept,/[locale]/lesson/systems-architecture-l6,L6,systems-architecture,The design you ship today gets replaced once traffic grows tenfold. What can you do now so that replacement rewrites one module instead of all of them?,read+manipulate-widget+answer-check+graded-checkpoint+self-graded-recall,5,monolith-first-microservice-premium|reversible-vs-irreversible-decisions-adr,,"Martin Fowler — 'SacrificialArchitecture' (design for 10x, rewrite before 100x)|Martin Fowler — 'SacrificialArchitecture' (design for 10x, rewrite before 100x)",schematic:compare,tradeoff-curve|order|match,sourced,7,585,,shared-foundations,F3,shared-foundation,CONVERT_TO_SHARED_FOUNDATION,"Appears in both routes' prerequisite closure; canonical definition in Codex, application per route.",high
concept:leading-architecture-review,Leading design review: making others' designs better without being right,Liderar la revisión de diseño: mejorar los diseños ajenos sin tener que 'ganar',spine-concept,/[locale]/lesson/systems-architecture-l6,L6,systems-architecture,You read a colleague's design doc and you would have built it differently. How do you put the real risks on the table without taking the design from its author?,read+answer-check+graded-checkpoint+self-graded-recall,3,reversible-vs-irreversible-decisions-adr,,"StaffEng (Will Larson) — 'Learn to never be wrong', 'Create space for others', 'To lead, you have to follow'|StaffEng (Will Larson) — 'Learn to never be wrong', 'Create space for others', 'To lead, you have to follow'",schematic:flow,categorize|cloze,sourced,7,508,,shared-foundations,F3,shared-foundation,CONVERT_TO_SHARED_FOUNDATION,"Appears in both routes' prerequisite closure; canonical definition in Codex, application per route.",high
concept:fitness-functions-evolutionary-architecture,Guarding architecture with fitness functions,Proteger la arquitectura con funciones de aptitud (fitness functions),spine-concept,/[locale]/lesson/systems-architecture-l6,L6,systems-architecture,Everyone agreed the domain layer must never import the web layer. What in the build pipeline stops the pull request that does it anyway on a Friday?,read+answer-check+graded-checkpoint+self-graded-recall,4,sacrificial-architecture-evolvability,,"Thoughtworks Technology Radar — 'Architectural fitness function'; Ford, Parsons & Kua, 'Building Evolutionary Architectures'|Thoughtworks Technology Radar — 'Architectural fitness function'; Ford, Parsons & Kua, 'Building Evolutionary Architectures'",schematic:flow,match|order,sourced,8,645,,shared-foundations,F3,shared-foundation,CONVERT_TO_SHARED_FOUNDATION,"Appears in both routes' prerequisite closure; canonical definition in Codex, application per route.",high
concept:architecture-as-engineering-strategy,Architecture as engineering strategy: constraints that unlock many teams,Arquitectura como estrategia de ingeniería: restricciones que habilitan a muchos equipos,spine-concept,/[locale]/lesson/systems-architecture-l7,L7,systems-architecture,"Fifteen teams each pick their own queue, language and deploy tool. Which few constraints would you write down so that choosing well is also choosing fast?",read+answer-check+graded-checkpoint+self-graded-recall,2,leading-architecture-review|sacrificial-architecture-evolvability,,"StaffEng (Will Larson) — 'Writing engineering strategy'; Larson, 'An Elegant Puzzle'|StaffEng (Will Larson) — 'Writing engineering strategy'; Larson, 'An Elegant Puzzle'; Rumelt, 'Good Strategy Bad Strategy'",schematic:flow,order,sourced,8,533,,shared-foundations,F3,shared-foundation,CONVERT_TO_SHARED_FOUNDATION,"Appears in both routes' prerequisite closure; canonical definition in Codex, application per route.",high
concept:conways-law-sociotechnical-design,Conway's Law: designing team boundaries and system boundaries together,Ley de Conway: diseñar juntas las fronteras de equipos y de sistemas,spine-concept,/[locale]/lesson/systems-architecture-l7,L7,systems-architecture,"Three teams own one service and every release needs all three in the room. Do you redraw the service boundaries, the team boundaries, or both at once?",read+answer-check+graded-checkpoint+self-graded-recall,3,bounded-contexts-as-decomposition-unit|architecture-as-engineering-strategy,,"Martin Fowler — 'Conway's Law' (bliki); grounded via Fowler 'Microservice Trade-Offs' (Conway's Law) and Skelton & Pais, 'Team Topologies'|Martin Fowler — 'Conway's Law' (bliki); Fowler 'Microservice Trade-Offs' (Conway's Law); Skelton & Pais, 'Team Topologies'",schematic:compare,match|categorize,sourced,7,481,,shared-foundations,F3,shared-foundation,CONVERT_TO_SHARED_FOUNDATION,"Appears in both routes' prerequisite closure; canonical definition in Codex, application per route.",high
concept:managing-technical-quality-at-scale,Stewarding technical quality: paying down architectural debt as investment,Administrar la calidad técnica: pagar la deuda arquitectónica como inversión,spine-concept,/[locale]/lesson/systems-architecture-l7,L7,systems-architecture,"Half your services still run the framework you abandoned two years ago and nobody is asking you to fix it. When is living with that right, and when not?",read+manipulate-widget+answer-check+graded-checkpoint+self-graded-recall,3,fitness-functions-evolutionary-architecture|architecture-as-engineering-strategy,,StaffEng (Will Larson) — 'Manage technical quality'; Fowler — 'Is High Quality Software Worth the Cost?'|StaffEng (Will Larson) — 'Manage technical quality'; Fowler — 'Is High Quality Software Worth the Cost?',schematic:axes,decision-flow|order,sourced,6,454,,shared-foundations,F3,shared-foundation,CONVERT_TO_SHARED_FOUNDATION,"Appears in both routes' prerequisite closure; canonical definition in Codex, application per route.",high
concept:platform-and-paved-roads,Platform thinking: making the right architecture the easy path,Pensamiento de plataforma: hacer que la arquitectura correcta sea el camino fácil,spine-concept,/[locale]/lesson/systems-architecture-l7,L7,systems-architecture,You wrote the standard and half the teams quietly ignore it. What would make the approved path also the fastest way to ship a service this week?,read+manipulate-widget+answer-check+graded-checkpoint+self-graded-recall,5,conways-law-sociotechnical-design|managing-technical-quality-at-scale,,"StaffEng (Will Larson) — 'Manage technical quality' (paved roads / making the right thing easy); Ford et al., 'Building Evolutionary Architectures'|StaffEng (Will Larson) — 'Manage technical quality' (paved roads / making the right thing easy); Ford et al., 'Building Evolutionary Architectures'",schematic:compare,spectrum|categorize|match,sourced,7,634,,shared-foundations,F3,shared-foundation,CONVERT_TO_SHARED_FOUNDATION,"Appears in both routes' prerequisite closure; canonical definition in Codex, application per route.",high
concept:driving-irreversible-bets-with-consensus,Driving the rare irreversible bet through genuine consensus,Conducir la rara apuesta irreversible a través de un consenso genuino,spine-concept,/[locale]/lesson/systems-architecture-l7,L7,systems-architecture,"Moving every system onto one provider cannot be undone next quarter. How do you tell that bet apart from the reversible ones, and win real agreement for it?",read+answer-check+graded-checkpoint+self-graded-recall,3,architecture-as-engineering-strategy|reversible-vs-irreversible-decisions-adr,,"Irreversible/one-way-door framing: Jeff Bezos, Amazon 2015/2016 Letters to Shareholders (Type 1 vs Type 2 decisions). Consensus/alignment: StaffEng (Will Larson) — 'Present to executives', 'Staying aligned with authority'|Irreversible/one-way-door framing: Jeff Bezos, Amazon 2015/2016 Letters to Shareholders (Type 1 vs Type 2 decisions). Consensus/alignment: StaffEng (Will Larson) — 'Present to executives', 'Staying aligned with authority'",schematic:axes,categorize,sourced,8,659,,shared-foundations,F3,shared-foundation,CONVERT_TO_SHARED_FOUNDATION,"Appears in both routes' prerequisite closure; canonical definition in Codex, application per route.",high
concept:test-pyramid-placement,Put each test at the lowest layer that can catch the bug,Ubica cada prueba en la capa más baja capaz de atrapar el bug,spine-concept,/[locale]/lesson/execution-delivery-l3,L3,execution-delivery,Your suite takes 40 minutes and half the failures are just the browser timing out. Which of those tests could have caught the same bug in milliseconds?,read+manipulate-widget+answer-check+graded-checkpoint+self-graded-recall,4,,,"Martin Fowler / Ham Vocke, 'The Practical Test Pyramid' (martinfowler.com/articles/practical-test-pyramid.html)|Martin Fowler / Ham Vocke, 'The Practical Test Pyramid' (martinfowler.com/articles/practical-test-pyramid.html)",schematic:stack,decision-flow|cloze|order,sourced,7,504,,staff-engineer,S1,learn-session,KEEP,,high
concept:green-trunk-ci-hygiene,Never break the build: integrate small and often,Nunca rompas el build: integra en pequeño y seguido,spine-concept,/[locale]/lesson/execution-delivery-l3,L3,execution-delivery,The build has been red since yesterday afternoon and nobody owns it. What does that cost everyone else who needs to merge today?,read+manipulate-widget+answer-check+graded-checkpoint+self-graded-recall,4,,,trunkbaseddevelopment.com — 'Introduction' and 'Committing Straight to the Trunk'|trunkbaseddevelopment.com — 'Introduction' and 'Committing Straight to the Trunk',schematic:compare,spectrum|match|categorize,sourced,6,454,,staff-engineer,S1,learn-session,KEEP,,high
concept:code-review-as-reader,Write and read a change through the reviewer's eyes,Escribe y lee un cambio con los ojos de quien lo revisa,spine-concept,/[locale]/lesson/execution-delivery-l3,L3,execution-delivery,"Why does a 400-line pull request come back with comments about variable names, while nobody questions the design decision buried in the middle?",read+answer-check+graded-checkpoint+self-graded-recall,3,,,"Google Engineering Practices, 'The Standard of Code Review' (google.github.io/eng-practices/review/reviewer/standard.html)|Google Engineering Practices, 'The Standard of Code Review' (google.github.io/eng-practices/review/reviewer/standard.html)",schematic:flow,cloze|match,sourced,6,451,,staff-engineer,S1,learn-session,KEEP,,high
concept:sli-vs-slo-vs-sla,"SLI, SLO, SLA are not synonyms","SLI, SLO y SLA no son sinónimos",spine-concept,/[locale]/lesson/execution-delivery-l3,L3,execution-delivery,"Someone says 'our SLA is 99.9%' in a meeting. What are they measuring, what did they promise internally, and what costs money if they miss it?",read+manipulate-widget+answer-check+graded-checkpoint+self-graded-recall,4,,,"Google SRE Book, 'Service Level Objectives' (sre.google/sre-book/service-level-objectives/)|Google SRE Book, 'Service Level Objectives' (sre.google/sre-book/service-level-objectives/)",schematic:stack,decision-flow|match|categorize,sourced,8,615,,staff-engineer,S1,learn-session,KEEP,,high
concept:read-the-tail-not-the-mean,"Read the tail, not the average: structured signals and percentiles","Lee la cola, no el promedio: señales estructuradas y percentiles",spine-concept,/[locale]/lesson/execution-delivery-l3,L3,execution-delivery,"Average latency is 120ms and the dashboard looks fine, yet customers keep saying the app is slow. Where is that slowness hiding?",read+manipulate-widget+answer-check+graded-checkpoint+self-graded-recall,4,sli-vs-slo-vs-sla,hnsw-index|speculative-decoding|ttft-vs-itl-vs-throughput|batch-size-as-the-latency-cost-lever|streaming-responses,"Google SRE Book, 'Service Level Objectives' §Distributions/percentiles (sre.google/sre-book/service-level-objectives/)|Google SRE Book, 'Service Level Objectives' §Distributions/percentiles (sre.google/sre-book/service-level-objectives/)",schematic:compare,latency-budget|cloze|order,sourced,7,569,,staff-engineer,S1,learn-session,KEEP,,high
concept:test-strategy-for-a-feature,Choose a proportionate test mix; know what NOT to test,Elige una mezcla de pruebas proporcionada; sabe qué NO probar,spine-concept,/[locale]/lesson/execution-delivery-l4,L4,execution-delivery,"You have two days to test a new checkout flow. Which tests do you write, and which ones do you decide on purpose not to write at all?",read+manipulate-widget+answer-check+graded-checkpoint+self-graded-recall,4,test-pyramid-placement,,"Martin Fowler / Ham Vocke, 'The Practical Test Pyramid' — contract tests & ice-cream-cone anti-pattern|Martin Fowler / Ham Vocke, 'The Practical Test Pyramid' — contract tests & ice-cream-cone anti-pattern",schematic:stack,spectrum|cloze|categorize,sourced,7,488,,staff-engineer,S2,learn-session,KEEP,,high
concept:decouple-deploy-from-release,Deploy is not release: feature flags and branch by abstraction,Desplegar no es liberar: feature flags y branch by abstraction,spine-concept,/[locale]/lesson/execution-delivery-l4,L4,execution-delivery,The code is in production but the feature must stay hidden until marketing is ready. How do you ship the binary without turning the feature on?,read+answer-check+graded-checkpoint+self-graded-recall,3,green-trunk-ci-hygiene,,"trunkbaseddevelopment.com (feature flags, branch by abstraction, release branches) + Humble & Farley, 'Continuous Delivery' (2010)|trunkbaseddevelopment.com (feature flags, branch by abstraction, release branches) + Humble & Farley, 'Continuous Delivery' (2010)",schematic:compare,cloze|match,sourced,6,448,,staff-engineer,S2,learn-session,KEEP,,high
concept:progressive-rollout,"Roll out progressively: canary, blue-green, and rollback as a first-class action","Despliega progresivamente: canary, blue-green y el rollback como acción de primera clase",spine-concept,/[locale]/lesson/execution-delivery-l4,L4,execution-delivery,"The new version is broken in a way no test caught. How few customers see it before you notice, and how fast can you get back?",read+manipulate-widget+answer-check+graded-checkpoint+self-graded-recall,5,green-trunk-ci-hygiene|decouple-deploy-from-release,,"Humble & Farley, 'Continuous Delivery' (2010) — blue-green & canary releasing + Google SRE Book, 'Release Engineering' Ch.8 / 'Introducing Non-Abstract Large System Design' (canarying & progressive rollouts) (sre.google/sre-book/)|Humble & Farley, 'Continuous Delivery' (2010) — blue-green & canary releasing + Google SRE Book, 'Release Engineering' Ch.8 / 'Introducing Non-Abstract Large System Design' (canarying & progressive rollouts) (sre.google/sre-book/)",schematic:flow,decision-flow|order|match,sourced,6,552,,staff-engineer,S2,learn-session,KEEP,,high
concept:golden-signals-and-symptom-alerting,"Monitor the four golden signals; alert on symptoms, not causes","Monitorea las cuatro señales doradas; alerta por síntomas, no por causas",spine-concept,/[locale]/lesson/execution-delivery-l4,L4,execution-delivery,"Your phone buzzed at 3am because a disk hit 85% full, and nothing was broken for users. What should have paged you instead?",read+manipulate-widget+answer-check+graded-checkpoint+self-graded-recall,4,read-the-tail-not-the-mean,,"Google SRE Book, 'Monitoring Distributed Systems' Ch.6 — the four golden signals & symptom- vs cause-based alerting (sre.google/sre-book/monitoring-distributed-systems/)|Google SRE Book, 'Monitoring Distributed Systems' Ch.6 — the four golden signals & symptom- vs cause-based alerting (sre.google/sre-book/monitoring-distributed-systems/)",schematic:compare,latency-budget|categorize|cloze,sourced,7,501,,staff-engineer,S2,learn-session,KEEP,,high
concept:user-journey-slis,Write SLIs backward from the user's journey,Escribe los SLIs partiendo del recorrido del usuario,spine-concept,/[locale]/lesson/execution-delivery-l4,L4,execution-delivery,"Every server metric was green while customers could not finish paying. Which single number, measured from what they were trying to do, would have shown it?",read+manipulate-widget+answer-check+graded-checkpoint+self-graded-recall,4,sli-vs-slo-vs-sla|read-the-tail-not-the-mean,,"Google SRE Book, 'Service Level Objectives' §Indicators in Practice (sre.google/sre-book/service-level-objectives/)|Google SRE Book, 'Service Level Objectives' §Indicators in Practice (sre.google/sre-book/service-level-objectives/)",schematic:flow,spectrum|order|cloze,sourced,6,465,,staff-engineer,S2,learn-session,KEEP,,high
concept:code-review-as-design-feedback,"Review for code health, not perfection","Revisa por la salud del código, no por la perfección",spine-concept,/[locale]/lesson/execution-delivery-l4,L4,execution-delivery,"The change leaves the code better, but not how you would have written it. Do you approve it, or hold it until it matches your taste?",read+manipulate-widget+answer-check+graded-checkpoint+self-graded-recall,4,code-review-as-reader,,"Google Engineering Practices, 'The Standard of Code Review' — 'improve the overall code health' + 'continuous improvement' principle (google.github.io/eng-practices/review/reviewer/standard.html)|Google Engineering Practices, 'The Standard of Code Review' — 'improve the overall code health' + 'continuous improvement' principle (google.github.io/eng-practices/review/reviewer/standard.html)",schematic:compare,tradeoff-curve|match|categorize,sourced,6,448,,staff-engineer,S2,learn-session,KEEP,,high
concept:oncall-and-runbooks,"You build it, you run it: on-call and runbooks","Lo construyes, lo operas: on-call y runbooks",spine-concept,/[locale]/lesson/execution-delivery-l4,L4,execution-delivery,"It is 2am, you hold the pager for a service you wrote yourself, and one graph looks wrong. When is this an incident and not just a bad night?",read+manipulate-widget+answer-check+graded-checkpoint+self-graded-recall,4,golden-signals-and-symptom-alerting,,"Google SRE Book, 'Managing Incidents' Ch.14 (sre.google/sre-book/managing-incidents/) + 'Being On-Call' Ch.11|Google SRE Book, 'Managing Incidents' Ch.14 (sre.google/sre-book/managing-incidents/) + 'Being On-Call' Ch.11",schematic:flow,decision-flow|order|categorize,sourced,7,488,,staff-engineer,S2,learn-session,KEEP,,high
concept:error-budget-loop,Run the error budget as the release throttle,Usa el error budget como acelerador de releases,spine-concept,/[locale]/lesson/execution-delivery-l5,L5,execution-delivery,"Product wants to ship every week, the on-call wants to stop and fix things. What number settles that argument this month without anyone raising their voice?",read+manipulate-widget+answer-check+graded-checkpoint+self-graded-recall,4,user-journey-slis|decouple-deploy-from-release,,"Google SRE Book, 'Service Level Objectives' §Error budgets + The Site Reliability Workbook, 'Implementing SLOs'|Google SRE Book, 'Service Level Objectives' §Error budgets + The Site Reliability Workbook, 'Implementing SLOs' (multi-window burn-rate alerting)",schematic:flow,decision-flow|cloze|match,sourced,9,659,,staff-engineer,S3,learn-session,KEEP,,high
concept:dora-as-team-signal,Diagnose the team with DORA: speed and stability rise together,Diagnostica al equipo con DORA: velocidad y estabilidad suben juntas,spine-concept,/[locale]/lesson/execution-delivery-l5,L5,execution-delivery,Your team deploys once a month and half of those deploys need a fix afterwards. Which measurements tell you whether that is one problem or two?,read+answer-check+graded-checkpoint+self-graded-recall,3,decouple-deploy-from-release,,"Forsgren, Humble & Kim, 'Accelerate' (2018) — the original four keys + DORA, 'DORA's software delivery metrics' now a five-metric model, adds deployment rework rate and renames recovery time to 'Failed Deployment Recovery Time' (dora.dev/guides/dora-metrics-four-keys/)|Forsgren, Humble & Kim, 'Accelerate' (2018) — the original four keys + DORA, 'DORA's software delivery metrics', now a five-metric model adding deployment rework rate and renaming recovery time to 'Failed Deployment Recovery Time' (dora.dev/guides/dora-metrics-four-keys/)",schematic:axes,match|categorize,sourced,7,516,,staff-engineer,S3,learn-session,KEEP,,high
concept:incident-command,"Run an incident: command, ops, comms, planning","Dirige un incidente: mando, operaciones, comunicación, planeación",spine-concept,/[locale]/lesson/execution-delivery-l5,L5,execution-delivery,"Eight engineers are on the call, three are restarting things nobody asked about, and the customer update is 20 minutes late. Who is actually in charge?",read+answer-check+graded-checkpoint+self-graded-recall,3,oncall-and-runbooks,,"Google SRE Book, 'Managing Incidents' Ch.14 — Incident Command System roles (sre.google/sre-book/managing-incidents/)|Google SRE Book, 'Managing Incidents' Ch.14 — Incident Command System roles (sre.google/sre-book/managing-incidents/)",schematic:stack,order|match,sourced,8,556,,staff-engineer,S3,learn-session,KEEP,,high
concept:blameless-postmortem,Blameless postmortems that produce systemic fixes,Postmortems sin culpa que producen arreglos sistémicos,spine-concept,/[locale]/lesson/execution-delivery-l5,L5,execution-delivery,The outage happened because someone ran the wrong command against production. What has to change so the next person cannot make that same mistake?,read+answer-check+graded-checkpoint+self-graded-recall,3,incident-command,,"Google SRE Book, 'Postmortem Culture: Learning from Failure' Ch.15 (sre.google/sre-book/postmortem-culture/)|Google SRE Book, 'Postmortem Culture: Learning from Failure' Ch.15 (sre.google/sre-book/postmortem-culture/)",schematic:compare,order|cloze,sourced,7,504,,staff-engineer,S3,learn-session,KEEP,,high
concept:observability-high-cardinality,Design for the questions you can't predict: wide events,Diseña para las preguntas que no puedes prever: eventos anchos,spine-concept,/[locale]/lesson/execution-delivery-l5,L5,execution-delivery,"Checkout is slow only for one enterprise customer, on one build, behind one flag. Can your dashboards answer that, or must you ship new code first?",read+manipulate-widget+answer-check+graded-checkpoint+self-graded-recall,4,golden-signals-and-symptom-alerting,otel-genai-semconv,"Majors, Fong-Jones & Miranda, 'Observability Engineering' (O'Reilly, 2022) + Google SRE Book, 'Monitoring Distributed Systems' Ch.6|Majors, Fong-Jones & Miranda, 'Observability Engineering' (O'Reilly, 2022) + Google SRE Book, 'Monitoring Distributed Systems' Ch.6",schematic:compare,spectrum|cloze|categorize,sourced,9,600,,staff-engineer,S3,learn-session,KEEP,,high
concept:execution-leadership-driving-large-ambiguous,"Execution Leadership: Driving Large, Ambiguous Initiatives to Done",Liderazgo de ejecución: llevar iniciativas grandes y ambiguas hasta el final,spine-concept,/[locale]/lesson/execution-delivery-l5,L5,execution-delivery,Five teams each report they are on track and the launch still slips a quarter. Where between them is the date actually being lost?,read+answer-check+graded-checkpoint+self-graded-recall,4,,,"Tanya Reilly, ""The Staff Engineer's Path"" (O'Reilly, 2022), Part II ""Execution,"" Chapter 5 ""Leading Big Projects."" Complemented by Will Larson's writing on driving execution and the Tech Lead archetype in ""Staff Engineer: Leadership Beyond the Management Track"" and on StaffEng.com.|Tanya Reilly, ""The Staff Engineer's Path"" (O'Reilly, 2022), Part II ""Execution,"" Chapter 5 ""Leading Big Projects."" Complemented by Will Larson's writing on driving execution and the Tech Lead archetype in ""Staff Engineer: Leadership Beyond the Management Track"" and on StaffEng.com.",schematic:flow,cloze|categorize,sourced,8,639,,staff-engineer,S3,learn-session,KEEP,,high
concept:chaos-resilience-engineering-fault-injection,Chaos and Resilience Engineering: Test Your Failure Assumptions Before Production Does,Ingeniería de caos y resiliencia: prueba tus supuestos de falla antes de que lo haga producción,spine-concept,/[locale]/lesson/execution-delivery-l5,L5,execution-delivery,"Your failover has never once run in production. What makes you believe it works, and how would you find out on a Tuesday afternoon instead of at 3am?",read+answer-check+graded-checkpoint+self-graded-recall,3,,,"Kripa Krishnan, ""Weathering the Unexpected"" (Google DiRT program), ACM Queue, vol. 10, no. 9, 2012; complemented by ""Principles of Chaos Engineering"" (principlesofchaos.org).|Kripa Krishnan, ""Weathering the Unexpected"" (Google DiRT program), ACM Queue, vol. 10, no. 9, 2012; complemented by ""Principles of Chaos Engineering"" (principlesofchaos.org).",schematic:flow,order|categorize,sourced,8,571,,staff-engineer,S3,learn-session,KEEP,,high
concept:paved-road-cd-platform,Make the right delivery path the easy one: paved-road CD,Haz que el camino de entrega correcto sea el fácil: CD pavimentado,spine-concept,/[locale]/lesson/execution-delivery-l6,L6,execution-delivery,You asked forty teams to adopt continuous delivery and eleven did. What would make the correct pipeline less work than the one they hand-rolled?,read+answer-check+graded-checkpoint+self-graded-recall,2,dora-as-team-signal|error-budget-loop|progressive-rollout,,"Forsgren, Humble & Kim, 'Accelerate' — CD & deployment automation capabilities + Google SRE 'paved road' concept|Forsgren, Humble & Kim, 'Accelerate' — CD & deployment automation capabilities + Google SRE 'paved road' concept",schematic:compare,categorize,sourced,7,519,,staff-engineer,S4,learn-session,KEEP,,high
concept:error-budget-policy-as-contract,Negotiate the error-budget policy as a cross-functional contract,Negocia la política de error budget como contrato interfuncional,spine-concept,/[locale]/lesson/execution-delivery-l6,L6,execution-delivery,"The error budget is gone by the tenth of the month. What exactly happens next, and did product sign that before the outage rather than during it?",read+answer-check+graded-checkpoint+self-graded-recall,3,error-budget-loop,,"The Site Reliability Workbook, 'Implementing SLOs' + 'Error Budget Policy' (sre.google/workbook/)|The Site Reliability Workbook, 'Implementing SLOs' + 'Error Budget Policy' (sre.google/workbook/)",schematic:flow,order|match,sourced,8,549,,staff-engineer,S4,learn-session,KEEP,,high
concept:toil-reduction-program,Treat toil as an engineering problem to cap and automate,Trata el toil como problema de ingeniería para acotar y automatizar,spine-concept,/[locale]/lesson/execution-delivery-l6,L6,execution-delivery,"Half of your team's week goes to manual restarts and access requests. Who pays for automating them, and how do you prove those hours are real?",read+answer-check+graded-checkpoint+self-graded-recall,2,blameless-postmortem,,"Google SRE Book, 'Eliminating Toil' Ch.5 (sre.google/sre-book/eliminating-toil/)|Google SRE Book, 'Eliminating Toil' Ch.5 (sre.google/sre-book/eliminating-toil/)",schematic:flow,categorize,sourced,7,532,,staff-engineer,S4,learn-session,KEEP,,high
concept:testing-and-review-standards-org,Set the org's testing and review bar without becoming the bottleneck,Fija el listón de pruebas y revisión de la organización sin ser el cuello de botella,spine-concept,/[locale]/lesson/execution-delivery-l6,L6,execution-delivery,Twelve teams have twelve definitions of 'tested'. How do you raise the floor for all of them without every pull request landing on your desk?,read+manipulate-widget+answer-check+graded-checkpoint+self-graded-recall,4,test-strategy-for-a-feature|code-review-as-design-feedback,,"Google Engineering Practices (code review standard) + Forsgren, Humble & Kim, 'Accelerate' — test automation capability|Google Engineering Practices (code review standard) + Forsgren, Humble & Kim, 'Accelerate' — test automation capability",schematic:compare,spectrum|match|order,sourced,6,472,,staff-engineer,S4,learn-session,KEEP,,high
concept:leading-large-scale-migrations-system,Leading Large-Scale Migrations: Reaching the Target State Without Breaking Production,Liderar migraciones a gran escala: llegar al estado objetivo sin romper producción,spine-concept,/[locale]/lesson/execution-delivery-l6,L6,execution-delivery,You have to replace the database under a system that cannot stop taking orders. How do you run both for months and still be able to turn back?,read+manipulate-widget+answer-check+assemble-architecture+graded-checkpoint+self-graded-recall,4,,,"Will Larson, ""Migrations: the sole scalable fix to tech debt"" (An Elegant Puzzle / lethain.com); Martin Fowler, ""StranglerFigApplication"" and ""ParallelChange"" (martinfowler.com)|Will Larson, ""Migrations: the sole scalable fix to tech debt"" (An Elegant Puzzle / lethain.com); Martin Fowler, ""StranglerFigApplication"" and ""ParallelChange"" (martinfowler.com)",schematic:flow,spectrum|order|categorize,sourced,7,531,,staff-engineer,S4,learn-session,KEEP,,high
concept:reliability-as-business-risk,Decide how much reliability the business should buy,Decide cuánta fiabilidad debería comprar el negocio,spine-concept,/[locale]/lesson/execution-delivery-l7,L7,execution-delivery,"Going from three nines to four costs millions a year. Who at your company gets to decide that is worth paying for, and on what evidence?",read+manipulate-widget+answer-check+graded-checkpoint+self-graded-recall,3,error-budget-policy-as-contract,,"Google SRE Book, 'Embracing Risk' Ch.3 — cost of an extra nine & business risk appetite (sre.google/sre-book/embracing-risk/) + 'Service Level Objectives' Ch.4 — the 'Global Chubby Planned Outage' sidebar (Marc Alvidrez), where a controlled outage is synthesized by intentionally taking down the system (sre.google/sre-book/service-level-objectives/)|Google SRE Book, 'Embracing Risk' Ch.3 — cost of an extra nine & business risk appetite (sre.google/sre-book/embracing-risk/) + 'Service Level Objectives' Ch.4 — the 'Global Chubby Planned Outage' sidebar (Marc Alvidrez), where a controlled outage is triggered by intentionally taking the system down (sre.google/sre-book/service-level-objectives/)",schematic:axes,tradeoff-curve|order,sourced,9,655,,staff-engineer,S5,learn-session,KEEP,,high
concept:delivery-metrics-without-goodhart,"Use delivery metrics as a compass, never as a target","Usa las métricas de entrega como brújula, nunca como objetivo",spine-concept,/[locale]/lesson/execution-delivery-l7,L7,execution-delivery,"The week after deploy frequency goes on a leaderboard, deploys double and each one carries almost nothing. What were you measuring, and what did you get?",read+answer-check+graded-checkpoint+self-graded-recall,3,dora-as-team-signal,mrr-and-ndcg,"DORA, 'DORA's software delivery metrics' §Using metrics wisely (dora.dev/guides/dora-metrics-four-keys/) + 'Accelerate' Ch.2|DORA, 'DORA's software delivery metrics' §Using metrics wisely (dora.dev/guides/dora-metrics-four-keys/) + 'Accelerate' Ch.2",schematic:compare,categorize|match,sourced,8,545,,staff-engineer,S5,learn-session,KEEP,,high
concept:socio-technical-ownership-culture,Institutionalize ownership so it survives the reorg,Institucionaliza la propiedad para que sobreviva a la reorganización,spine-concept,/[locale]/lesson/execution-delivery-l7,L7,execution-delivery,The reorg moves the people and the service they used to run still pages someone at night. What has to be structural so ownership survives the next one?,read+answer-check+graded-checkpoint+self-graded-recall,3,toil-reduction-program|paved-road-cd-platform,,"Kim, Debois, Willis & Humble, 'The DevOps Handbook' + Google SRE Book, 'Postmortem Culture' Ch.15|Kim, Debois, Willis & Humble, 'The DevOps Handbook' + Google SRE Book, 'Postmortem Culture' Ch.15",schematic:compare,categorize|match,sourced,7,515,,staff-engineer,S5,learn-session,KEEP,,high
concept:delivery-strategy-alignment,Align the delivery-capability investment with business strategy,Alinea la inversión en capacidades de entrega con la estrategia de negocio,spine-concept,/[locale]/lesson/execution-delivery-l7,L7,execution-delivery,"You can fund one delivery investment next year: faster builds, a test platform, or AI coding tools. Which one moves the business, and how would you know?",read+answer-check+graded-checkpoint+self-graded-recall,3,delivery-metrics-without-goodhart|socio-technical-ownership-culture,,"Forsgren, Humble & Kim, 'Accelerate' (capabilities model) + DORA State of DevOps / DORA AI Capabilities Model (dora.dev)|Forsgren, Humble & Kim, 'Accelerate' (capabilities model) + DORA State of DevOps / DORA AI Capabilities Model (dora.dev)",schematic:flow,order,sourced,9,668,,staff-engineer,S5,learn-session,KEEP,,high
concept:code-review-communication,Communicating in code review,Comunicar en la revisión de código,spine-concept,/[locale]/lesson/direction-influence-l3,L3,direction-influence,Your comment says ‘you always forget to close connections’ and the author goes quiet. How do you phrase the same defect so it gets fixed instead of defended?,read+manipulate-widget+answer-check+graded-checkpoint+self-graded-recall,3,,,"Google Engineering Practices, 'How to write code review comments' (google.github.io/eng-practices/review/reviewer/comments.html)|Google Engineering Practices, 'How to write code review comments' (google.github.io/eng-practices/review/reviewer/comments.html)",schematic:compare,spectrum|categorize,sourced,7,498,,staff-engineer,S1,learn-session,KEEP,,high
concept:writing-change-rationale,Writing the 'why' behind a change,Escribir el 'por qué' detrás de un cambio,spine-concept,/[locale]/lesson/direction-influence-l3,L3,direction-influence,"Rewriting a paragraph costs minutes; rewriting a shipped module costs days. What do you write down before the first line of code, and what must it answer?",read+manipulate-widget+answer-check+graded-checkpoint+self-graded-recall,4,code-review-communication,,"Malte Ubl, 'Design Docs at Google' (industrialempathy.com/posts/design-docs-at-google/) — mini design docs, 1-3 pages|Malte Ubl, 'Design Docs at Google' (industrialempathy.com/posts/design-docs-at-google/) — mini design docs, 1-3 pages",schematic:stack,tradeoff-curve|order|match,sourced,7,493,,staff-engineer,S1,learn-session,KEEP,,high
concept:reading-design-docs,Reading a design doc critically,Leer un documento de diseño con criterio,spine-concept,/[locale]/lesson/direction-influence-l3,L3,direction-influence,"A design doc lands in your inbox and you already dislike its conclusion. Which three sections do you read first so you argue the tradeoffs, not the verdict?",read+answer-check+graded-checkpoint+self-graded-recall,2,writing-change-rationale,,"Malte Ubl, 'Design Docs at Google' (industrialempathy.com/posts/design-docs-at-google/)|Malte Ubl, 'Design Docs at Google' (industrialempathy.com/posts/design-docs-at-google/)",schematic:flow,categorize,sourced,7,496,,staff-engineer,S1,learn-session,KEEP,,high
concept:giving-receiving-feedback,Giving and receiving feedback well,Dar y recibir feedback con criterio,spine-concept,/[locale]/lesson/direction-influence-l3,L3,direction-influence,Every point in your review is correct and the author still reads it as an attack. What is missing when you only name what went wrong?,read+answer-check+graded-checkpoint+self-graded-recall,3,code-review-communication,,"Google Engineering Practices, 'How to write code review comments' (google.github.io/eng-practices/review/reviewer/comments.html) — reinforce good work; be kind and explanatory|Google Engineering Practices, 'How to write code review comments' (google.github.io/eng-practices/review/reviewer/comments.html) — reinforce good work; be kind and explanatory",schematic:axes,match|order,sourced,6,474,,staff-engineer,S1,learn-session,KEEP,,high
concept:authoring-design-docs,Authoring a design doc,Redactar un documento de diseño,spine-concept,/[locale]/lesson/direction-influence-l4,L4,direction-influence,"Three senior engineers would each build this feature differently. Does that mean you owe the team a design doc, or is shipping it today the better bet?",read+manipulate-widget+answer-check+graded-checkpoint+self-graded-recall,4,reading-design-docs,,"Malte Ubl, 'Design Docs at Google' (industrialempathy.com/posts/design-docs-at-google/) — context/scope, goals/non-goals, the design|Malte Ubl, 'Design Docs at Google' (industrialempathy.com/posts/design-docs-at-google/) — context/scope, goals/non-goals, the design",schematic:flow,decision-flow|order|categorize,sourced,6,453,,staff-engineer,S2,learn-session,KEEP,,high
concept:alternatives-and-tradeoffs,Arguing alternatives and tradeoffs,Argumentar alternativas y compensaciones,spine-concept,/[locale]/lesson/direction-influence-l4,L4,direction-influence,Your doc offers one real option and two obvious losers. Why does that cost you the reader’s trust faster than admitting the chosen path has a price?,read+answer-check+graded-checkpoint+self-graded-recall,3,authoring-design-docs,,"Malte Ubl, 'Design Docs at Google' — 'Alternatives considered ... one of the most important'|Malte Ubl, 'Design Docs at Google' — 'Alternatives considered ... one of the most important'",schematic:compare,match|categorize,sourced,7,502,,staff-engineer,S2,learn-session,KEEP,,high
concept:structured-writing-scqa,Structured writing: lead with the answer,Escritura estructurada: liderar con la respuesta,spine-concept,/[locale]/lesson/direction-influence-l4,L4,direction-influence,A reviewer decides in thirty seconds whether to trust your doc. What belongs in the first paragraph instead of buried on page four?,read+answer-check+graded-checkpoint+self-graded-recall,3,authoring-design-docs,,"Will Larson, 'Presenting to Executives' (lethain.com/present-to-executives/) citing Barbara Minto, The Pyramid Principle|Will Larson, 'Presenting to Executives' (lethain.com/present-to-executives/) citing Barbara Minto, The Pyramid Principle",schematic:stack,order|match,sourced,8,539,,staff-engineer,S2,learn-session,KEEP,,high
concept:team-alignment,Building alignment within a team,Construir alineación dentro de un equipo,spine-concept,/[locale]/lesson/direction-influence-l4,L4,direction-influence,The doc is approved and two engineers are still building it two different ways. What did you fail to close before the review went wide?,read+answer-check+graded-checkpoint+self-graded-recall,3,structured-writing-scqa,,"Will Larson, 'Staff Engineer Archetypes' (staffeng.com/guides/staff-archetypes/) — Tech Lead builds alignment|Will Larson, 'Staff Engineer Archetypes' (staffeng.com/guides/staff-archetypes/) — Tech Lead builds alignment",schematic:compare,categorize|order,sourced,7,506,,staff-engineer,S2,learn-session,KEEP,,high
concept:disagree-and-commit,Disagree and commit,Disentir y comprometerse,spine-concept,/[locale]/lesson/direction-influence-l4,L4,direction-influence,"You argued against the streaming rewrite and lost. What do you owe that decision now, in standup and in Slack, once it is no longer open?",read+manipulate-widget+answer-check+graded-checkpoint+self-graded-recall,4,team-alignment,,"Amazon Leadership Principles, 'Have Backbone; Disagree and Commit' (amazon.jobs/en/principles)|Amazon Leadership Principles, 'Have Backbone; Disagree and Commit' (amazon.jobs/en/principles)",schematic:axes,decision-flow|order|categorize,sourced,6,460,,staff-engineer,S2,learn-session,KEEP,,high
concept:stakeholder-mapping,Mapping stakeholders and terrain,Mapear interesados y terreno,spine-concept,/[locale]/lesson/direction-influence-l5,L5,direction-influence,"You want to merge three payment integrations into one service. Before proposing it, what must you know about who owns what and who dreads the change?",read+answer-check+graded-checkpoint+self-graded-recall,4,team-alignment,,"Tanya Reilly, 'The Staff Engineer's Path' (O'Reilly, 2022), Ch.2 'Three Maps'|Tanya Reilly, 'The Staff Engineer's Path' (O'Reilly, 2022), Ch.2 'Three Maps'; power/interest grid (Mendelow, 1991, stakeholder analysis)",schematic:stack,match|categorize,sourced,9,734,,staff-engineer,S3,learn-session,KEEP,,high
concept:influence-without-authority,Influence without authority,Influencia sin autoridad,spine-concept,/[locale]/lesson/direction-influence-l5,L5,direction-influence,"You have no reports and no budget, yet two teams must adopt your API design. Where does the authority to make that happen actually come from?",read+answer-check+graded-checkpoint+self-graded-recall,3,stakeholder-mapping|disagree-and-commit,,"Tanya Reilly, 'The Staff Engineer's Path', Ch.8 'Good Influence at Scale'; Will Larson, Staff Archetypes (Architect earns authority via judgment)|Will Larson, 'Staff Engineer: Leadership Beyond the Management Track' (2021) — the Architect archetype and earning authority without positional power",schematic:compare,cloze|categorize,sourced,9,643,,staff-engineer,S3,learn-session,KEEP,,high
concept:technical-strategy-drafting,Drafting a technical strategy,Bosquejar una estrategia técnica,spine-concept,/[locale]/lesson/direction-influence-l5,L5,direction-influence,Nobody asked you to write the engineering strategy. Where do you find the direction that already exists instead of inventing one from a blank page?,read+manipulate-widget+answer-check+graded-checkpoint+self-graded-recall,5,alternatives-and-tradeoffs|influence-without-authority,,"Will Larson, 'Writing engineering strategy' (lethain.com/eng-strategies/) — 'write five design documents, and pull the similarities out' into your engineering strategy; Tanya Reilly, 'The Staff Engineer's Path', Ch.3 'Creating the Big Picture' (complementary big-picture framing)|Will Larson, 'Writing engineering strategy' (lethain.com/eng-strategies/) — refine strategy from a handful of real design documents; Richard Rumelt, 'Good Strategy Bad Strategy' (2011) — the kernel: diagnosis, guiding policy, coherent actions; Tanya Reilly, 'The Staff Engineer's Path', Ch.3 'Creating the Big Picture'",schematic:flow,spectrum|order|cloze,sourced,9,672,,staff-engineer,S3,learn-session,KEEP,,high
concept:nemawashi-prealignment,Pre-aligning before the room (nemawashi),Alinear antes de la sala (nemawashi),spine-concept,/[locale]/lesson/direction-influence-l5,L5,direction-influence,"The review meeting is the first time the fraud lead sees your proposal. What should have happened the week before, one conversation at a time?",read+answer-check+graded-checkpoint+self-graded-recall,3,influence-without-authority,,"Will Larson, 'Presenting to Executives' (lethain.com) — nemawashi; StaffEng 'Manage Technical Quality' (misalignment = missing context)|Nemawashi (根回し), Toyota Production System / lean management practice: building consensus one conversation at a time before a formal decision",schematic:compare,order|match,sourced,9,653,,staff-engineer,S3,learn-session,KEEP,,high
concept:landing-staff-projects,Landing an ambiguous staff project,Aterrizar un proyecto de Staff ambiguo,spine-concept,/[locale]/lesson/direction-influence-l5,L5,direction-influence,"The problem is important, badly scoped, and its stakeholders disagree. That mess is why it landed on you, so how do you turn it into a public result?",read+manipulate-widget+answer-check+graded-checkpoint+self-graded-recall,5,technical-strategy-drafting|nemawashi-prealignment,,"Will Larson, 'Staff Projects' (staffeng.com/guides/staff-projects/) — complex/ambiguous, divided stakeholders, a named bet|Will Larson, 'Staff Engineer: Leadership Beyond the Management Track' (2021) — leading important, ambiguous, contested projects",schematic:flow,decision-flow|cloze|order,sourced,8,620,,staff-engineer,S3,learn-session,KEEP,,high
concept:decision-rights-and-decision-quality,"Decision Rights and Reversibility: Who Decides, and Can You Undo It?",Derechos de decisión y reversibilidad: quién decide y si se puede deshacer,spine-concept,/[locale]/lesson/direction-influence-l5,L5,direction-influence,"An 80-message Slack thread about dropping a deprecated library, two weeks gone, nothing shipped. Who decides, and does a reversible call deserve this much process?",read+manipulate-widget+answer-check+graded-checkpoint+self-graded-recall,5,,,"Jeff Bezos, 2015 Amazon Shareholder Letter (published April 2016) — Type 1 / Type 2 (one-way vs two-way door) decisions; and Bain & Company's RAPID(R) decision-rights framework.|Jeff Bezos, 2015 Amazon Shareholder Letter (published April 2016) — Type 1 / Type 2 (one-way vs two-way door) decisions; and Bain & Company's RAPID(R) decision-rights framework.",schematic:compare,decision-flow|categorize|match,sourced,8,702,,staff-engineer,S3,learn-session,KEEP,,high
concept:strategy-diagnosis-policy-action,"Strategy as diagnosis, policy, action","Estrategia como diagnóstico, política y acción",spine-concept,/[locale]/lesson/direction-influence-l6,L6,direction-influence,‘We will be the most reliable platform in our space.’ What is missing before that sentence counts as a strategy rather than an end state you wish for?,read+answer-check+graded-checkpoint+self-graded-recall,3,technical-strategy-drafting,,"Will Larson, 'Writing engineering strategy' (lethain.com/eng-strategies/) drawing on Richard Rumelt, 'Good Strategy, Bad Strategy'|Will Larson, 'Writing engineering strategy' (lethain.com/eng-strategies/) drawing on Richard Rumelt, 'Good Strategy, Bad Strategy'",schematic:flow,order|cloze,sourced,7,504,,staff-engineer,S4,learn-session,KEEP,,high
concept:guiding-policies-with-tradeoffs,Guiding policies with real tradeoffs,Políticas guía con compensaciones reales,spine-concept,/[locale]/lesson/direction-influence-l6,L6,direction-influence,Everyone nods at ‘use the right tool for the job.’ What test tells you a policy is steering decisions instead of forbidding nothing?,read+manipulate-widget+answer-check+graded-checkpoint+self-graded-recall,4,strategy-diagnosis-policy-action,,"Will Larson, 'Writing engineering strategy' (lethain.com/eng-strategies/) — applicable, enforced, creates leverage|Will Larson, 'Writing engineering strategy' (lethain.com/eng-strategies/) — applicable, enforced, creates leverage",schematic:compare,decision-flow|match|categorize,sourced,6,469,,staff-engineer,S4,learn-session,KEEP,,high
concept:driving-quality-at-scale,Driving technical direction at scale,Impulsar la dirección técnica a escala,spine-concept,/[locale]/lesson/direction-influence-l6,L6,direction-influence,"Error handling is inconsistent across twelve services. Do you stand up a quality guild with a rubric, or is there something far cheaper to reach for first?",read+manipulate-widget+answer-check+graded-checkpoint+self-graded-recall,4,guiding-policies-with-tradeoffs,,"Will Larson, 'Manage Technical Quality' (staffeng.com/guides/manage-technical-quality/) — seven-tool progression, technical vectors|Will Larson, 'Manage Technical Quality' (staffeng.com/guides/manage-technical-quality/) — seven-tool progression, technical vectors",schematic:stack,decision-flow|order|categorize,sourced,7,531,,staff-engineer,S4,learn-session,KEEP,,high
concept:executive-communication,Communicating with executives,Comunicarse con ejecutivos,spine-concept,/[locale]/lesson/direction-influence-l6,L6,direction-influence,"You have ten minutes with the VP. Do you ask whether to migrate off the monolith, or walk in with the recommendation and what you need from her?",read+answer-check+graded-checkpoint+self-graded-recall,3,structured-writing-scqa|landing-staff-projects,,"Will Larson, 'Presenting to Executives' (lethain.com/present-to-executives/) — know your purpose, propose an answer, don't fight feedback|Will Larson, 'Presenting to Executives' (lethain.com/present-to-executives/) — know your purpose, propose an answer, don't fight feedback",schematic:compare,cloze|match,sourced,7,526,,staff-engineer,S4,learn-session,KEEP,,high
concept:navigating-dissent-decisions,Navigating dissent and unblocking decisions,Navegar el disenso y destrabar decisiones,spine-concept,/[locale]/lesson/direction-influence-l6,L6,direction-influence,A migration has been ‘almost done’ for two months and no code is the blocker. Where do you look when the obstacle is people or an unmade decision?,read+answer-check+graded-checkpoint+self-graded-recall,3,executive-communication,,"Will Larson, 'Writing engineering strategy' (meet dissenters 1:1); Tanya Reilly, 'The Staff Engineer's Path', Ch.6 'Why Have We Stopped?'|Will Larson, 'Writing engineering strategy' (meet dissenters 1:1); Tanya Reilly, 'The Staff Engineer's Path', Ch.6 'Why Have We Stopped?'",schematic:flow,match|categorize,sourced,8,559,,staff-engineer,S4,learn-session,KEEP,,high
concept:multi-year-technical-vision,Setting a multi-year technical vision,Fijar una visión técnica plurianual,spine-concept,/[locale]/lesson/direction-influence-l7,L7,direction-influence,Arguing about the future in the abstract goes nowhere. How do you use five plausible strategies to say where the org must be in twenty-four months?,read+answer-check+graded-checkpoint+self-graded-recall,3,strategy-diagnosis-policy-action,,"Will Larson, 'Writing engineering strategy' (lethain.com/eng-strategies/) — 'write five engineering strategies' and forecast two years out to get a vision|Will Larson, 'Writing engineering strategy' (lethain.com/eng-strategies/) — write five strategies and forecast two years out to get a vision",schematic:flow,cloze|order,sourced,7,517,,staff-engineer,S5,learn-session,KEEP,,high
concept:org-wide-strategy-rollout,Running an org-wide strategy rollout,Ejecutar un despliegue de estrategia en toda la organización,spine-concept,/[locale]/lesson/direction-influence-l7,L7,direction-influence,Writing the strategy was the easy fifth of the work. What happens between the finished doc and an org that has actually changed how it builds?,read+answer-check+graded-checkpoint+self-graded-recall,3,multi-year-technical-vision|navigating-dissent-decisions,,"Will Larson, 'Writing engineering strategy' (lethain.com/eng-strategies/) — executive rollout process, review impact in two months|Will Larson, 'Writing engineering strategy' (lethain.com/eng-strategies/) — executive rollout process, review impact in two months",schematic:flow,order|match,sourced,8,545,,staff-engineer,S5,learn-session,KEEP,,high
concept:scaling-influence-through-others,Scaling influence through others,Escalar la influencia a través de otros,spine-concept,/[locale]/lesson/direction-influence-l7,L7,direction-influence,"You could solve the hardest problem on the roadmap yourself, and faster. Why is taking it the wrong call, and what do you do instead?",read+manipulate-widget+answer-check+graded-checkpoint+self-graded-recall,5,influence-without-authority,,"Tanya Reilly, 'The Staff Engineer's Path', Ch.8 'Good Influence at Scale'; Will Larson, 'Manage Technical Quality' ('don't hoard impact')|Tanya Reilly, 'The Staff Engineer's Path', Ch.8 'Good Influence at Scale'; Will Larson, 'Manage Technical Quality' ('don't hoard impact')",schematic:axes,spectrum|categorize|cloze,sourced,7,647,,staff-engineer,S5,learn-session,KEEP,,high
concept:borrowed-authority-alignment,Wielding borrowed authority in alignment,Ejercer autoridad prestada manteniendo la alineación,spine-concept,/[locale]/lesson/direction-influence-l7,L7,direction-influence,People do what you say because everyone knows you speak for the VP. What keeps that loan from being recalled the first time you spend it badly?,read+answer-check+graded-checkpoint+self-graded-recall,4,scaling-influence-through-others|org-wide-strategy-rollout,,"Will Larson, 'Staff Engineer Archetypes' (staffeng.com/guides/staff-archetypes/) — Right Hand borrows authority, must stay aligned|Will Larson, ""Staff Engineer"" — Right Hand archetype; staffeng.com/guides/staff-archetypes",schematic:axes,match|categorize,sourced,9,701,,staff-engineer,S5,learn-session,KEEP,,high
concept:shaping-technical-bets,Shaping and sponsoring technical bets,Dar forma y patrocinar apuestas técnicas,spine-concept,/[locale]/lesson/direction-influence-l7,L7,direction-influence,"‘We should improve performance’ commits nobody. What changes when you name the bet, put a date on it, and find a sponsor who can fund it?",read+answer-check+graded-checkpoint+self-graded-recall,4,borrowed-authority-alignment,,"Will Larson, 'Staff Projects' (a named bet where failure matters) + 'Manage Technical Quality' (secure an empowered sponsor for programs)|Will Larson, ""An Elegant Puzzle"" / staffeng.com — sponsorship & staff projects",schematic:flow,order|cloze,sourced,8,701,,staff-engineer,S5,learn-session,KEEP,,high
concept:giving-direct-kind-feedback,"Giving Direct, Kind Feedback",Dar retroalimentación directa y amable,spine-concept,/[locale]/lesson/leveling-scope-l3,L3,leveling-scope,"You have quietly rewritten a teammate's pull request twice without telling them why. How do you say the hard thing so it lands as help, not as an attack?",read+answer-check+graded-checkpoint+self-graded-recall,3,,,"Lara Hogan, 'Feedback Equation' (larahogan.me/blog/feedback-equation); Kim Scott, 'Radical Candor' (care personally / challenge directly)|Lara Hogan, 'Feedback Equation' (larahogan.me/blog/feedback-equation); Kim Scott, 'Radical Candor' (care personally / challenge directly)",schematic:flow,cloze|order,sourced,8,600,,staff-engineer,S1,learn-session,KEEP,,high
concept:mentoring-a-newcomer,Mentoring a Newcomer,Mentorear a alguien nuevo,spine-concept,/[locale]/lesson/leveling-scope-l3,L3,leveling-scope,"Someone new is stuck on a bug you could fix in minutes. Do you fix it, or sit with them so they can fix the next one alone?",read+manipulate-widget+answer-check+graded-checkpoint+self-graded-recall,4,giving-direct-kind-feedback,,"The Manager's Path (Camille Fournier), 'Mentoring' chapter|The Manager's Path (Camille Fournier), 'Mentoring' chapter",schematic:flow,tradeoff-curve|match|categorize,sourced,8,616,,staff-engineer,S1,learn-session,KEEP,,high
concept:recognizing-glue-work,Recognizing Glue Work,Reconocer el trabajo de pegamento,spine-concept,/[locale]/lesson/leveling-scope-l3,L3,leveling-scope,"You unblocked other teams, ran the migration meetings, and shipped almost no code this quarter. Was that technical leadership, or were you just being helpful?",read+answer-check+graded-checkpoint+self-graded-recall,4,,,"Tanya Reilly, 'Being Glue' (noidea.dog/glue)|Tanya Reilly, 'Being Glue' (noidea.dog/glue)",schematic:stack,cloze|categorize,sourced,7,580,,staff-engineer,S1,learn-session,KEEP,,high
concept:review-as-leveling,Review as Leveling-Up,La revisión como forma de hacer crecer,spine-concept,/[locale]/lesson/leveling-scope-l3,L3,leveling-scope,"A pull request works, but the design is wrong. Do you just request changes, or use the review so the author catches it next time without you?",read+manipulate-widget+answer-check+graded-checkpoint+self-graded-recall,5,mentoring-a-newcomer|recognizing-glue-work|giving-direct-kind-feedback,,"Tanya Reilly, 'Being Glue' (review as glue); The Manager's Path (Camille Fournier), 'Mentoring' chapter (review treated as a teaching tool)|Tanya Reilly, 'Being Glue' (review as glue); The Manager's Path (Camille Fournier), 'Mentoring' chapter (review treated as a teaching tool)",schematic:compare,spectrum|match|order,sourced,8,630,,staff-engineer,S1,learn-session,KEEP,,high
concept:tech-lead-is-a-role-not-a-promotion,"Tech Lead Is a Role, Not a Promotion","Tech lead es un rol, no un ascenso",spine-concept,/[locale]/lesson/leveling-scope-l4,L4,leveling-scope,They named you tech lead and neither your title nor your pay changed. What exactly are you supposed to do differently on Monday?,read+manipulate-widget+answer-check+graded-checkpoint+self-graded-recall,5,recognizing-glue-work,,"The Manager's Path (Camille Fournier), 'Tech Lead' chapter; StaffEng 'Staff Archetypes' — Tech Lead|The Manager's Path (Camille Fournier), 'Tech Lead' chapter; StaffEng 'Staff Archetypes' — Tech Lead",schematic:compare,spectrum|cloze|order,sourced,8,646,,staff-engineer,S2,learn-session,KEEP,,high
concept:delegation-over-doing-it-yourself,Delegation Over Doing It Yourself,Delegar en vez de hacerlo tú mismo,spine-concept,/[locale]/lesson/leveling-scope-l4,L4,leveling-scope,"The most interesting piece of the project is the one you are best at. Do you keep it, or give it to the engineer who would grow from it?",read+manipulate-widget+answer-check+graded-checkpoint+self-graded-recall,4,tech-lead-is-a-role-not-a-promotion,,"StaffEng 'Staff Archetypes' — Tech Lead ('their coding blocks shrink'); The Manager's Path, 'Tech Lead' chapter|StaffEng 'Staff Archetypes' — Tech Lead; The Manager's Path (Camille Fournier), 'Tech Lead' chapter",schematic:axes,decision-flow|categorize|cloze,sourced,7,502,,staff-engineer,S2,learn-session,KEEP,,high
concept:mentorship-vs-sponsorship,Mentorship vs. Sponsorship,Mentoría frente a padrinazgo,spine-concept,/[locale]/lesson/leveling-scope-l4,L4,leveling-scope,You have given someone good advice for a year and they still have not been promoted. What would it cost you to put their name in the room instead?,read+manipulate-widget+answer-check+graded-checkpoint+self-graded-recall,4,mentoring-a-newcomer,,"Lara Hogan, 'What Does Sponsorship Look Like?' (larahogan.me)|Lara Hogan, 'What Does Sponsorship Look Like?' (larahogan.me)",schematic:compare,spectrum|match|categorize,sourced,8,540,,staff-engineer,S2,learn-session,KEEP,,high
concept:protecting-your-technical-core,Protecting Your Technical Core,Proteger tu núcleo técnico,spine-concept,/[locale]/lesson/leveling-scope-l4,L4,leveling-scope,"If you spend another year running meetings and unblocking teams, will the promotion committee still see an engineer, or only a coordinator?",read+manipulate-widget+answer-check+graded-checkpoint+self-graded-recall,5,review-as-leveling,,"Tanya Reilly, 'Being Glue' ('if you only do glue, you only get better at glue')|Tanya Reilly, 'Being Glue'",schematic:compare,tradeoff-curve|order|match,sourced,9,694,,staff-engineer,S2,learn-session,KEEP,,high
concept:glue-work-with-eyes-open,Glue Work With Eyes Open,Trabajo de pegamento con los ojos abiertos,spine-concept,/[locale]/lesson/leveling-scope-l5,L5,leveling-scope,"How do you take the work nobody wants and get it written into your scope, instead of paying for it out of your own performance review?",read+manipulate-widget+answer-check+graded-checkpoint+self-graded-recall,5,protecting-your-technical-core|mentorship-vs-sponsorship,,"Tanya Reilly, 'Being Glue' (noidea.dog/glue)|Tanya Reilly, 'Being Glue' (noidea.dog/glue)",schematic:compare,decision-flow|categorize|cloze,sourced,8,628,,staff-engineer,S3,learn-session,KEEP,,high
concept:sponsoring-others,Sponsoring Others,Apadrinar a otros,spine-concept,/[locale]/lesson/leveling-scope-l5,L5,leveling-scope,A visible project needs an owner. What do you put at risk when you say out loud the name of someone who does not look ready yet?,read+answer-check+graded-checkpoint+self-graded-recall,3,mentorship-vs-sponsorship,,"Lara Hogan, 'What Does Sponsorship Look Like?' (larahogan.me)|Lara Hogan, 'What Does Sponsorship Look Like?' (larahogan.me)",schematic:compare,match|order,sourced,8,545,,staff-engineer,S3,learn-session,KEEP,,high
concept:work-on-what-matters,Work on What Matters,Trabajar en lo que importa,spine-concept,/[locale]/lesson/leveling-scope-l5,L5,leveling-scope,"You closed a pile of small tickets and everyone noticed. Did any of it matter, or did you just pick the work that was easy and visible?",read+manipulate-widget+answer-check+graded-checkpoint+self-graded-recall,4,glue-work-with-eyes-open,,"Will Larson, 'Work on What Matters' (lethain.com/work-on-what-matters) — umbrella framework; its Foster Growth (L6), Finish Things (L6) and Edit (L7) sub-practices are the same model|Will Larson, 'Work on What Matters' (lethain.com/work-on-what-matters)",schematic:axes,decision-flow|categorize|cloze,sourced,8,609,,staff-engineer,S3,learn-session,KEEP,,high
concept:scope-selection-opportunity-currents,Choosing Scope With the Currents,Elegir el alcance con las corrientes,spine-concept,/[locale]/lesson/leveling-scope-l5,L5,leveling-scope,"Two teams need a staff engineer: one is where the company is placing its bet, one keeps the lights on. Which one makes you promotable?",read+answer-check+graded-checkpoint+self-graded-recall,3,work-on-what-matters,,"Will Larson, 'Getting the Title Where You Are' (staffeng.com/guides/getting-the-title-where-you-are)|Will Larson, 'Getting the Title Where You Are' (staffeng.com/guides/getting-the-title-where-you-are)",schematic:compare,cloze|order,sourced,8,544,,staff-engineer,S3,learn-session,KEEP,,high
concept:defining-and-managing-your-own,"Owning Your Scope: Altitude, Shape, and Breadth","Definir tu alcance: altitud, forma y amplitud",spine-concept,/[locale]/lesson/leveling-scope-l5,L5,leveling-scope,"Nobody handed you a description of your scope. Is yours too narrow to be staff, too broad to be useful, or a shape you chose on purpose?",read+manipulate-widget+answer-check+graded-checkpoint+self-graded-recall,5,,,"Tanya Reilly, ""The Staff Engineer's Path"" (O'Reilly, 2022), Chapter 1 — ""What Would You Say You Do Here?"", section on scope (too broad / too narrow).|Tanya Reilly, ""The Staff Engineer's Path"" (O'Reilly, 2022), Chapter 1 — ""What Would You Say You Do Here?"", section on scope (too broad / too narrow).",schematic:axes,tradeoff-curve|match|categorize,sourced,9,688,,staff-engineer,S3,learn-session,KEEP,,high
concept:choosing-your-staff-archetype,Choosing Your Staff Archetype,Elegir tu arquetipo de staff,spine-concept,/[locale]/lesson/leveling-scope-l6,L6,leveling-scope,"You got the staff title and kept doing senior work with more meetings. Which job are you actually doing: tech lead, architect, solver, or right hand?",read+manipulate-widget+answer-check+graded-checkpoint+self-graded-recall,4,scope-selection-opportunity-currents,,StaffEng 'Staff Archetypes' (staffeng.com/guides/staff-archetypes)|StaffEng 'Staff Archetypes' (staffeng.com/guides/staff-archetypes),schematic:axes,decision-flow|match|categorize,sourced,7,494,,staff-engineer,S4,learn-session,KEEP,,high
concept:growing-others-as-your-legacy,Growing Others as Your Legacy,Hacer crecer a otros como tu legado,spine-concept,/[locale]/lesson/leveling-scope-l6,L6,leveling-scope,Your best quarter of code will be rewritten sooner or later. What do you build instead that the team still has after you leave?,read+answer-check+graded-checkpoint+self-graded-recall,2,sponsoring-others|delegation-over-doing-it-yourself,,"Will Larson, 'Work on What Matters' — Foster Growth; 'Operating at Staff' (staffeng.com/guides/operating-at-staff)|Will Larson, 'Work on What Matters' — Foster Growth; 'Operating at Staff' (staffeng.com/guides/operating-at-staff)",schematic:compare,match,sourced,6,453,,staff-engineer,S4,learn-session,KEEP,,high
concept:finishing-things-by-lending-privilege,Finishing Things by Lending Privilege,Cerrar cosas prestando tu privilegio,spine-concept,/[locale]/lesson/leveling-scope-l6,L6,leveling-scope,"Someone else's project has been almost done for months. Can you unstick it by spending who you know, without taking the work out of their hands?",read+manipulate-widget+answer-check+graded-checkpoint+self-graded-recall,4,work-on-what-matters,,"Will Larson, 'Work on What Matters' — Finish Things (lethain.com/work-on-what-matters)|Will Larson, 'Work on What Matters' — Finish Things (lethain.com/work-on-what-matters)",schematic:compare,decision-flow|order|categorize,sourced,7,492,,staff-engineer,S4,learn-session,KEEP,,high
concept:building-a-peer-network,Building a Peer Network,Construir una red de pares,spine-concept,/[locale]/lesson/leveling-scope-l6,L6,leveling-scope,"Since you became senior enough, nobody argues with you anymore. Where do you find the people who will still tell you your design is wrong?",read+answer-check+graded-checkpoint+self-graded-recall,2,choosing-your-staff-archetype,,"Will Larson, 'Operating at Staff' (staffeng.com/guides/operating-at-staff)|Will Larson, 'Operating at Staff' (staffeng.com/guides/operating-at-staff)",schematic:compare,order,sourced,7,492,,staff-engineer,S4,learn-session,KEEP,,high
concept:changing-the-system-needs-sponsorship,Changing the System Needs Sponsorship,Cambiar el sistema requiere padrinazgo,spine-concept,/[locale]/lesson/leveling-scope-l7,L7,leveling-scope,You can see exactly what is broken in how the org hands out work. Why does the perfect proposal change nothing without an executive standing behind it?,read+answer-check+graded-checkpoint+self-graded-recall,3,building-a-peer-network,,"Will Larson, 'Getting the Title Where You Are' ('you can only change a system with sponsorship from within'); 'Operating at Staff' — proxied authority|Will Larson, 'Staff Engineer: Leadership beyond the management track' — changing org systems requires sponsorship; proxied authority (lethain.com, staffeng.com)",schematic:compare,cloze|match,sourced,8,604,,staff-engineer,S5,learn-session,KEEP,,high
concept:distributing-glue-fairly-at-org-scale,Distributing Glue Fairly at Org Scale,Repartir el pegamento con justicia a escala,spine-concept,/[locale]/lesson/leveling-scope-l7,L7,leveling-scope,The same few people keep volunteering to run onboarding and the incident reviews. How do you assign that work so it stops landing on them by default?,read+answer-check+graded-checkpoint+self-graded-recall,3,glue-work-with-eyes-open,,"Tanya Reilly, 'Being Glue' — advice to managers/leaders (noidea.dog/glue)|Tanya Reilly, 'Being Glue' (noidea.dog/glue); non-promotable-task allocation bias — Babcock, Recalde, Vesterlund & Weingart, American Economic Review 2017",schematic:flow,order|categorize,sourced,8,548,,staff-engineer,S5,learn-session,KEEP,,high
concept:building-org-capability-and-succession,Building Org Capability and Succession,Construir capacidad y sucesión en la organización,spine-concept,/[locale]/lesson/leveling-scope-l7,L7,leveling-scope,"If you took a quarter of leave, what critical work would simply stop, and who would you have to grow before that answer is nothing?",read+answer-check+graded-checkpoint+self-graded-recall,3,growing-others-as-your-legacy,,"Will Larson, 'Operating at Staff' (create space so the team grows stronger); StaffEng 'Staff Archetypes' — Right Hand / org leadership|Will Larson, 'Staff Engineer' — create space so the team grows stronger; StaffEng archetypes: Right Hand / org leadership (staffeng.com)",schematic:flow,cloze|categorize,sourced,9,639,,staff-engineer,S5,learn-session,KEEP,,high
concept:editing-the-org-with-proxied-authority,Editing the Org With Proxied Authority,Editar la organización con autoridad prestada,spine-concept,/[locale]/lesson/leveling-scope-l7,L7,leveling-scope,You have no direct reports and no budget. How do you change the outcome of a project two orgs away without taking it over?,read+answer-check+graded-checkpoint+self-graded-recall,3,changing-the-system-needs-sponsorship|finishing-things-by-lending-privilege,,"Will Larson, 'Work on What Matters' — Edit; 'Operating at Staff' — proxied authority (lethain.com; staffeng.com)|Will Larson, 'Work on What Matters' — leverage/editing (lethain.com); proxied authority from 'Staff Engineer' (staffeng.com)",schematic:axes,order|match,sourced,8,604,,staff-engineer,S5,learn-session,KEEP,,high
concept:fm-behavior-nondeterminism,"Foundation Models Are Probabilistic, Not Deterministic","Los modelos fundacionales son probabilísticos, no deterministas",spine-concept,/[locale]/lesson/ai-engineering-l3,L3,ai-engineering,The same prompt gave a different answer on the second run and nothing in your code changed. What do you test when there is no single right output?,read+answer-check+graded-checkpoint+self-graded-recall,3,,context-window-as-budget|parallelization-voting,"Chip Huyen, AI Engineering (O'Reilly 2024), Ch.2 'Understanding Foundation Models' — Sampling (fundamentals, strategies, structured outputs)|Chip Huyen, AI Engineering (O'Reilly 2024), Ch.2 'Understanding Foundation Models' — Sampling",schematic:flow,cloze|categorize,sourced,9,646,,ai-architect,A1,learn-session,KEEP,,high
concept:prompting-as-incontext,"Prompting as Engineering, Not Vibes","El prompting como ingeniería, no como intuición",spine-concept,/[locale]/lesson/ai-engineering-l3,L3,ai-engineering,"Your prompt works today, someone edits one line, and quality drops with nobody noticing. How do you version and test prompt text the way you test code?",read+answer-check+graded-checkpoint+self-graded-recall,3,fm-behavior-nondeterminism,propositional-atomic-chunking|rag-not-extracted|rag-wrong-format|external-memory-notes|prompt-chaining|tool-description-as-prompt,"Chip Huyen, AI Engineering, Ch.5 'Prompt Engineering' (In-Context Learning, System vs User Prompt); roadmap.sh Prompt Engineering roadmap|Chip Huyen, AI Engineering, Ch.5 'Prompt Engineering'; roadmap.sh Prompt Engineering roadmap",schematic:compare,order|match,sourced,8,533,,ai-architect,A1,learn-session,KEEP,,high
concept:eval-first-mindset,Define Success Criteria Before You Tune,Define los criterios de éxito antes de ajustar,spine-concept,/[locale]/lesson/ai-engineering-l3,L3,ai-engineering,You have been rewording the same prompt for days and it feels slightly better each time. What should you have written down first so you know when to stop?,read+manipulate-widget+answer-check+graded-checkpoint+self-graded-recall,5,prompting-as-incontext,retrieval-vs-generation-eval|golden-set-construction|no-agent-yet|finetuning-dataset-curation,"Anthropic, 'Define success criteria and build evaluations' (platform.claude.com/docs) — Specific/Measurable/Achievable/Relevant criteria|Anthropic, 'Define success criteria and build evaluations' (platform.claude.com/docs) — Specific/Measurable/Achievable/Relevant criteria",schematic:flow,eval-harness|match|cloze,sourced,10,709,,ai-architect,A1,learn-session,KEEP,,high
concept:injection-basics,Model Output Is Untrusted Input,La salida del modelo es entrada no confiable,spine-concept,/[locale]/lesson/ai-engineering-l3,L3,ai-engineering,"A user pastes text that tells the model to ignore its instructions, and your code runs the answer. Why treat model output as hostile input?",read+manipulate-widget+answer-check+graded-checkpoint+self-graded-recall,5,prompting-as-incontext,code-execution-as-a-tool|owasp-llm-top-10|direct-prompt-injection|indirect-prompt-injection|lethal-trifecta|exfiltration-channels,"OWASP Top 10 for LLM Applications 2025 — LLM01 Prompt Injection, LLM05 Improper Output Handling|OWASP Top 10 for LLM Applications 2025 — LLM01 Prompt Injection, LLM05 Improper Output Handling",schematic:flow,threat-board|categorize|order,sourced,10,707,,ai-architect,A1,learn-session,KEEP,,high
concept:eval-driven-dev,Eval-Driven Development,Desarrollo guiado por evaluaciones,spine-concept,/[locale]/lesson/ai-engineering-l4,L4,ai-engineering,"Grading outputs by hand caps you at a few cases a week. Which checks can code do for free, and where must a human still look?",read+manipulate-widget+answer-check+graded-checkpoint+self-graded-recall,4,eval-first-mindset,chunk-size-selection-experiment|recall-at-k|golden-set-construction|ragas-noise-sensitivity|prompt-chaining|evaluator-optimizer|no-agent-yet|prompt-rag-finetune-distill-rule,"Anthropic 'Define success criteria and build evaluations' (grading hierarchy: code > human > LLM); Chip Huyen, AI Engineering, Ch.3 'Evaluation Methodology' & Ch.4 'Evaluate AI Systems' — iterative, test-first evaluation loop (the eval-as-BDD framing)|Anthropic 'Define success criteria and build evaluations' (grading hierarchy: code > human > LLM); Chip Huyen, AI Engineering, Ch.3 'Evaluation Methodology' & Ch.4 'Evaluate AI Systems' — iterative, test-first evaluation loop (the eval-as-BDD framing)",schematic:flow,eval-harness|order|cloze,sourced,8,583,,ai-architect,A2,learn-session,KEEP,,high
concept:rag-retrieval-quality,RAG: Most Failures Are Retrieval Failures,RAG: la mayoría de las fallas son de recuperación,spine-concept,/[locale]/lesson/ai-engineering-l4,L4,ai-engineering,"Your answer cites the wrong document. Do you fix the prompt, or first check whether the right chunk was ever retrieved at all?",read+manipulate-widget+answer-check+graded-checkpoint+self-graded-recall,5,fm-behavior-nondeterminism,fixed-size-chunking|recursive-character-splitting|sentence-based-chunking|sliding-window-overlap|semantic-chunking-embedding-breakpoints|structural-markdown-aware-chunking|layout-aware-chunking-pdf-tables|propositional-atomic-chunking|contextual-retrieval|late-chunking|parent-document-retrieval|chunk-size-selection-experiment|embedding-vector-geometry|dense-retrieval|learned-sparse-retrieval|matryoshka-embeddings-truncation|binary-quantization|hnsw-index|bm25-lexical-retrieval|hybrid-search|reciprocal-rank-fusion|cross-encoder-reranking|query-rewriting|hyde-hypothetical-document-embeddings|multi-query-fan-out|query-decomposition-multi-hop|prefilter-vs-postfilter-metadata-filtering|mmr-diversity-reranking|graph-retrieval-graphrag|hierarchical-summary-index-retrieval|recall-at-k|mrr-and-ndcg|context-precision|answer-relevance-metric|rag-failure-taxonomy|rag-missed-top-ranked|ragas-noise-sensitivity|lost-in-the-middle-context-rot|long-context-vs-retrieval,"Chip Huyen, AI Engineering, Ch.6 'RAG and Agents' — RAG Architecture & Retrieval Algorithms; roadmap.sh ai-engineer (embeddings, chunking, indexing)|Chip Huyen, AI Engineering, Ch.6 'RAG and Agents' — RAG Architecture & Retrieval Algorithms (metric definitions); see codex entries recall-at-k and chunk-size-selection-experiment for the measured corpus- and embedder-dependence",schematic:stack,rag-pipeline|order|categorize,sourced,8,622,,ai-architect,A2,learn-session,KEEP,,high
concept:tools-function-calling,The Augmented LLM: Tools and Function Calling,El LLM aumentado: herramientas y llamada a funciones,spine-concept,/[locale]/lesson/ai-engineering-l4,L4,ai-engineering,The model keeps calling your search tool with an empty query. What has to be in a tool's description before the model can use it correctly?,read+answer-check+graded-checkpoint+self-graded-recall,3,prompting-as-incontext,just-in-time-context-retrieval|autonomous-tool-use-loop|tool-use-function-calling|tool-description-as-prompt|tool-error-as-prompt|token-efficient-tool-returns|mcp-protocol-scope|mcp-primitives|progressive-tool-disclosure|code-execution-as-a-tool|indirect-prompt-injection|output-side-validation,"Anthropic, 'Building Effective Agents' — the augmented LLM & Agent-Computer Interface (ACI) design; roadmap.sh ai-engineer (function-calling)|Anthropic, 'Building Effective Agents' — the augmented LLM & Agent-Computer Interface (ACI) design; roadmap.sh ai-engineer (function-calling)",schematic:compare,match|cloze,sourced,8,585,,ai-architect,A2,learn-session,KEEP,,high
concept:llm-judge,"LLM-as-Judge, Validated First","LLM como juez, validado primero",spine-concept,/[locale]/lesson/ai-engineering-l4,L4,ai-engineering,You want a model to grade thousands of outputs cheaply. How do you know that grader agrees with your human labels before you trust its scores?,read+manipulate-widget+answer-check+graded-checkpoint+self-graded-recall,4,eval-driven-dev,retrieval-vs-generation-eval|context-precision|faithfulness-groundedness|answer-relevance-metric|llm-judge-human-agreement|parallelization-voting|evaluator-optimizer,"Anthropic 'Define success criteria...' (LLM-based grading tips); Chip Huyen, AI Engineering, Ch.3 'Evaluation Methodology' — AI as a Judge|Anthropic 'Define success criteria...' (LLM-based grading tips); Chip Huyen, AI Engineering, Ch.3 'Evaluation Methodology' — AI as a Judge",schematic:flow,decision-flow|order|match,sourced,9,654,,ai-architect,A2,learn-session,KEEP,,high
concept:cost-latency-per-request,Cost and Latency Are Product Requirements,Costo y latencia son requisitos del producto,spine-concept,/[locale]/lesson/ai-engineering-l4,L4,ai-engineering,The demo delighted everyone until finance saw the bill and users saw the spinner. When does cost per request become an acceptance criterion instead of a postmortem?,read+manipulate-widget+answer-check+graded-checkpoint+self-graded-recall,5,eval-driven-dev,sliding-window-overlap|contextual-retrieval|late-interaction-multi-vector|matryoshka-embeddings-truncation|scalar-quantization-int8|disk-based-ann|cross-encoder-reranking|multi-query-fan-out|context-window-as-budget|prompt-caching|routing|parallelization-sectioning|token-efficient-tool-returns|progressive-tool-disclosure|prefill-vs-decode|paged-attention|speculative-decoding|weight-quantization-vs-kv-cache-quantization|ttft-vs-itl-vs-throughput|batch-size-as-the-latency-cost-lever|streaming-responses|model-tier-routing|cost-per-resolved-task,"Chip Huyen, AI Engineering, Ch.4 'Evaluate AI Systems' — Cost and Latency criteria; Anthropic 'Define success criteria...' (Price, Latency)|Chip Huyen, AI Engineering, Ch.4 'Evaluate AI Systems' — Cost and Latency criteria; Anthropic 'Define success criteria...' (Price, Latency)",schematic:axes,token-economics|categorize|cloze,sourced,9,674,,ai-architect,A2,learn-session,KEEP,,high
concept:concrete-agent-orchestration-patterns-and,"Pick the Simplest Orchestration Pattern, Then Defend the Context Window",Elige el patrón de orquestación más simple y luego defiende la ventana de contexto,spine-concept,/[locale]/lesson/ai-engineering-l4,L4,ai-engineering,"Your agent follows the plan early and loses the goal after dozens of steps. What is the simplest orchestration that works, and what do you drop from context?",read+manipulate-widget+answer-check+graded-checkpoint+self-graded-recall,5,,agent-run-as-span-tree|compaction-and-summarization|subagent-context-isolation|workflow-vs-agent|orchestrator-worker|parallel-agent-read-write-asymmetry,"Anthropic — ""Building Effective Agents"" (December 2024), the engineering guide that names prompt chaining, routing, parallelization, orchestrator-workers and evaluator-optimizer and draws the workflow-vs-agent line; complemented by Chroma's ""Context Rot: How Increasing Input Tokens Impacts LLM Performance"" (2025).|Anthropic — ""Building Effective Agents"" (December 2024); complemented by Chroma's ""Context Rot: How Increasing Input Tokens Impacts LLM Performance"" (2025)",schematic:compare,decision-flow|match|categorize,sourced,8,652,,ai-architect,A2,learn-session,KEEP,,high
concept:rag-as-system,RAG as a Systems Discipline,RAG como disciplina de sistemas,spine-concept,/[locale]/lesson/ai-engineering-l5,L5,ai-engineering,Retrieval brings back the right page and the answer still invents a figure. How do you measure the retriever and the generator as two separate systems?,read+manipulate-widget+answer-check+assemble-architecture+graded-checkpoint+self-graded-recall,4,rag-retrieval-quality|eval-driven-dev,fixed-size-chunking|sentence-based-chunking|semantic-chunking-embedding-breakpoints|layout-aware-chunking-pdf-tables|late-interaction-multi-vector|disk-based-ann|hybrid-search|reciprocal-rank-fusion|hyde-hypothetical-document-embeddings|query-decomposition-multi-hop|graph-retrieval-graphrag|hierarchical-summary-index-retrieval|retrieval-vs-generation-eval|faithfulness-groundedness|rag-failure-taxonomy|rag-missing-content|rag-not-in-context|rag-incorrect-specificity|lost-in-the-middle-context-rot|long-context-vs-retrieval|indirect-prompt-injection,"Chip Huyen, AI Engineering, Ch.6 'RAG and Agents' — Retrieval Optimization & RAG Beyond Texts; Ch.4 'Evaluate AI Systems' — factual consistency / faithfulness as an evaluation dimension|Chip Huyen, AI Engineering, Ch.6 'RAG and Agents' — Retrieval Optimization & RAG Beyond Texts; Ch.4 'Evaluate AI Systems' — factual consistency / faithfulness as an evaluation dimension",schematic:flow,rag-pipeline|cloze|match,sourced,9,635,,ai-architect,A3,learn-session,KEEP,,high
concept:agency-spectrum,The Agency Spectrum: Workflows vs Agents,El espectro de agencia: flujos vs agentes,spine-concept,/[locale]/lesson/ai-engineering-l5,L5,ai-engineering,A fixed chain of steps is easier to debug than a loop that decides for itself. So when is handing the model control worth losing that predictability?,read+manipulate-widget+answer-check+graded-checkpoint+self-graded-recall,4,tools-function-calling,compaction-and-summarization|workflow-vs-agent|orchestrator-worker|autonomous-tool-use-loop|tool-use-function-calling|agent-sandboxing-least-privilege|human-in-the-loop-placement,"Anthropic, 'Building Effective Agents' — workflows vs agents, the five patterns, 'start simple / add complexity only when it improves outcomes'|Anthropic, 'Building Effective Agents' — workflows vs agents, the five patterns, 'start simple / add complexity only when it improves outcomes'",schematic:compare,spectrum|order|categorize,sourced,8,610,,ai-architect,A3,learn-session,KEEP,,high
concept:mcp-integration,MCP: Standardizing the Integration Surface,MCP: estandarizar la superficie de integración,spine-concept,/[locale]/lesson/ai-engineering-l5,L5,ai-engineering,Every assistant you build needs its own connector to every internal tool. When does adopting a shared protocol beat writing glue for each pair?,read+manipulate-widget+answer-check+graded-checkpoint+self-graded-recall,4,tools-function-calling,mcp-protocol-scope|mcp-primitives|lethal-trifecta|human-in-the-loop-placement,Model Context Protocol — Introduction & Architecture (modelcontextprotocol.io); roadmap.sh ai-engineer (MCP client/host/server)|Model Context Protocol — Introduction & Architecture (modelcontextprotocol.io); roadmap.sh ai-engineer (MCP client/host/server),schematic:compare,decision-flow|cloze|order,sourced,9,589,,ai-architect,A3,learn-session,KEEP,,high
concept:owasp-llm-threat-model,Threat-Modeling with the OWASP LLM Top 10,Modelado de amenazas con el OWASP LLM Top 10,spine-concept,/[locale]/lesson/ai-engineering-l5,L5,ai-engineering,"Your assistant can read email and also send it. Which permissions would an attacker borrow first, and how do you list those risks before shipping?",read+manipulate-widget+answer-check+graded-checkpoint+self-graded-recall,4,injection-basics|agency-spectrum|rag-as-system,owasp-llm-top-10|direct-prompt-injection|lethal-trifecta|output-side-validation,"OWASP Top 10 for LLM Applications 2025 — LLM06 Excessive Agency, LLM02 Sensitive Information Disclosure, LLM07 System Prompt Leakage, LLM08 Vector and Embedding Weaknesses|OWASP Top 10 for LLM Applications 2025 — LLM06 Excessive Agency, LLM02 Sensitive Information Disclosure, LLM07 System Prompt Leakage, LLM08 Vector and Embedding Weaknesses",,threat-board|match|categorize,sourced,8,608,,ai-architect,A3,learn-session,KEEP,,high
concept:finetune-vs-prompt,Fine-Tuning vs Prompting vs RAG,Fine-tuning vs prompting vs RAG,spine-concept,/[locale]/lesson/ai-engineering-l5,L5,ai-engineering,"The output has the right facts and the wrong tone. Is that a prompt problem, a retrieval problem, or the one case where finetuning actually pays?",read+manipulate-widget+answer-check+graded-checkpoint+self-graded-recall,5,rag-as-system|cost-latency-per-request,prompt-rag-finetune-distill-rule|lora|full-fine-tuning|preference-tuning-dpo,"Chip Huyen, AI Engineering, Ch.7 'Finetuning' — When/Why Not, Finetuning and RAG, Parameter-Efficient Finetuning|Chip Huyen, AI Engineering, Ch.7 'Finetuning' — When/Why Not, Finetuning and RAG, Parameter-Efficient Finetuning",schematic:compare,decision-flow|categorize|cloze,sourced,9,670,,ai-architect,A3,learn-session,KEEP,,high
concept:data-curation-finetuning-evals,Data Curation for Finetuning and Evals,Curación de datos para fine-tuning y evaluaciones,spine-concept,/[locale]/lesson/ai-engineering-l5,L5,ai-engineering,Two teams finetune the same model and one gets a useless result. What has to be true about the examples you collected and labeled for it to work?,read+manipulate-widget+answer-check+graded-checkpoint+self-graded-recall,5,finetune-vs-prompt|eval-driven-dev,full-fine-tuning|preference-tuning-dpo|finetuning-dataset-curation,"Chip Huyen, AI Engineering, Ch.8 'Dataset Engineering' — Data Curation, Data Quality/Coverage, Data Acquisition & Annotation, Data Augmentation and Synthesis|Chip Huyen, AI Engineering, Ch.8 'Dataset Engineering' — Data Curation, Data Quality/Coverage, Data Acquisition & Annotation, Data Augmentation and Synthesis",schematic:flow,eval-harness|order|match,sourced,9,678,,ai-architect,A3,learn-session,KEEP,,high
concept:ai-observability,Observability for AI Systems,Observabilidad para sistemas de IA,spine-concept,/[locale]/lesson/ai-engineering-l6,L6,ai-engineering,Your eval suite is green and users still complain. What do you record from real traffic to see the behavior your offline tests never produced?,read+manipulate-widget+answer-check+graded-checkpoint+self-graded-recall,5,eval-driven-dev|cost-latency-per-request,agent-run-as-span-tree|otel-genai-semconv|compaction-and-summarization|human-in-the-loop-placement,"Chip Huyen, AI Engineering, Ch.10 'AI Engineering Architecture and User Feedback' — Monitoring and Observability, User Feedback|https://www.honeycomb.io/blog/observability-2-0-and-the-database-for-it",schematic:flow,latency-budget|cloze|match,sourced,10,707,,ai-architect,A4,learn-session,KEEP,,high
concept:ai-architecture-guardrails,AI Platform Architecture and Guardrails,Arquitectura de plataforma de IA y guardarraíles,spine-concept,/[locale]/lesson/ai-engineering-l6,L6,ai-engineering,"Every team writes its own retry logic, its own key handling, its own content filter. What belongs in one shared gateway instead of in each service?",read+answer-check+graded-checkpoint+self-graded-recall,3,agency-spectrum|ai-observability|owasp-llm-threat-model,parallelization-sectioning|injection-not-solvable-by-prompting|exfiltration-channels|output-side-validation,"Chip Huyen, AI Engineering, Ch.10 — Architecture (Enhance Context, Guardrails, Model Router/Gateway, Caches, Agent Patterns)|https://genai.owasp.org/llm-top-10/",schematic:stack,categorize|order,sourced,7,545,,ai-architect,A4,learn-session,KEEP,,high
concept:unit-economics-at-scale,Unit Economics at Scale,Economía unitaria a escala,spine-concept,/[locale]/lesson/ai-engineering-l6,L6,ai-engineering,"Usage grows and the model bill grows with it. Do you negotiate a discount with the vendor, or change the architecture so each request costs less?",read+manipulate-widget+answer-check+graded-checkpoint+self-graded-recall,4,cost-latency-per-request|ai-architecture-guardrails,ivf-pq-index|prompt-caching|routing|qlora|model-tier-routing|cost-per-resolved-task,"Chip Huyen, AI Engineering, Ch.9 'Inference Optimization' & Ch.10 (router/caches); Anthropic 'Building Effective Agents' — routing pattern (Haiku vs Sonnet)|Anthropic prompt-caching documentation (cache reads at 0.1x base input, writes at 1.25x at the 5-minute TTL) for the multipliers; traffic volumes and routing shares in the worked example are illustrative",schematic:flow,token-economics|cloze|categorize,sourced,8,578,,ai-architect,A4,learn-session,KEEP,,high
concept:security-program-adversarial,From Threat Model to Security Program,Del modelo de amenazas al programa de seguridad,spine-concept,/[locale]/lesson/ai-engineering-l6,L6,ai-engineering,"You passed one security review and shipped. Who keeps attacking your own AI systems next quarter, and with what budget and mandate?",read+manipulate-widget+answer-check+graded-checkpoint+self-graded-recall,4,owasp-llm-threat-model|ai-observability,injection-not-solvable-by-prompting|exfiltration-channels,"OWASP Top 10 for LLM Applications 2025 — LLM03 Supply Chain, LLM04 Data and Model Poisoning, LLM10 Unbounded Consumption; roadmap.sh ai-engineer (conducting adversarial testing)|https://genai.owasp.org/llm-top-10/",schematic:compare,threat-board|match|order,sourced,7,553,,ai-architect,A4,learn-session,KEEP,,high
concept:ai-governance-responsible-ai-program,AI Governance & Responsible-AI as an Org Function,Gobernanza de IA y IA responsable como función organizacional,spine-concept,/[locale]/lesson/ai-engineering-l6,L6,ai-engineering,Legal asks which risk tier your feature falls under and who signed off on it. What repeatable process answers that without stopping every release?,read+manipulate-widget+answer-check+graded-checkpoint+self-graded-recall,5,,,"NIST AI RMF 1.0 (2023); EU AI Act, Regulation (EU) 2024/1689; Mitchell et al., ""Model Cards for Model Reporting"" (FAT* 2019)|https://www.nist.gov/itl/ai-risk-management-framework",schematic:flow,eval-harness|cloze|categorize,sourced,9,822,,ai-architect,A4,learn-session,KEEP,,high
concept:eval-as-org-capability,Evals as an Organizational Moat,Las evaluaciones como foso organizacional,spine-concept,/[locale]/lesson/ai-engineering-l7,L7,ai-engineering,A better model ships next month. What do you own that lets you switch to it in a week instead of guessing whether anything got worse?,read+manipulate-widget+answer-check+graded-checkpoint+self-graded-recall,5,eval-driven-dev|ai-observability|data-curation-finetuning-evals,llm-judge-human-agreement,"Chip Huyen, AI Engineering, Ch.4 'Evaluate AI Systems' — Model Selection, Public Benchmarks (benchmark skepticism), evals as the safety net for model upgrades/migration; Anthropic 'Define success criteria and build evaluations' (a durable evaluation suite as the basis for model decisions)|Chip Huyen, AI Engineering, Ch.4 'Evaluate AI Systems' — Model Selection, Public Benchmarks (benchmark skepticism), evals as the safety net for model upgrades/migration; Anthropic 'Define success criteria and build evaluations' (a durable evaluation suite as the basis for model decisions)",schematic:flow,eval-harness|order|cloze,sourced,9,689,,ai-architect,A5,learn-session,KEEP,,high
concept:build-buy-model-strategy,"Foundation-Model Strategy: Build, Buy, Open, Closed","Estrategia de modelos fundacionales: construir, comprar, abierto, cerrado",spine-concept,/[locale]/lesson/ai-engineering-l7,L7,ai-engineering,The frontier moves every few months and your contract lasts years. How do you commit to a model provider in a way you can still walk away from?,read+manipulate-widget+answer-check+graded-checkpoint+self-graded-recall,4,finetune-vs-prompt|unit-economics-at-scale|eval-as-org-capability,prompt-rag-finetune-distill-rule|build-buy-open-weights,"Chip Huyen, AI Engineering, Ch.1 (The AI Engineering Stack) & Ch.4 (Build vs Buy); roadmap.sh ai-engineer (closed-vs-open-source-models, choosing-the-right-model)|Chip Huyen, AI Engineering, Ch.1 (The AI Engineering Stack) & Ch.4 (Build vs Buy); roadmap.sh ai-engineer (closed-vs-open-source-models, choosing-the-right-model)",schematic:compare,token-economics|categorize|match,sourced,9,583,,ai-architect,A5,learn-session,KEEP,,high
concept:ai-technical-direction,Setting Org-Wide AI Technical Direction,Fijar la dirección técnica de IA en toda la organización,spine-concept,/[locale]/lesson/ai-engineering-l7,L7,ai-engineering,"Every team wants to add an assistant and you cannot staff them all. Which of those bets do you say no to, with no authority to order it?",read+manipulate-widget+answer-check+graded-checkpoint+self-graded-recall,5,build-buy-model-strategy|security-program-adversarial|ai-architecture-guardrails,,"StaffEng, 'Staff Archetypes' (Architect / technical direction & judgment); Anthropic 'Building Effective Agents' — 'build the right system, not the most sophisticated'|StaffEng, 'Staff Archetypes' (Architect / technical direction & judgment); Anthropic 'Building Effective Agents' — 'build the right system, not the most sophisticated'",schematic:compare,decision-flow|order|categorize,sourced,9,694,,ai-architect,A5,learn-session,KEEP,,high
concept:shared-responsibility-in-practice,"Shared responsibility, as an actual list of who gets paged","Responsabilidad compartida, como una lista real de a quién le suena el teléfono",spine-concept,/[locale]/lesson/cloud-platform-l3,L3,cloud-platform,"The page fires at 3am for a managed service. Before you answer it, do you know which failures the provider swallows and which ones land on you?",read+answer-check+graded-checkpoint+self-graded-recall,5,,,AWS Well-Architected Framework — Security Pillar / Shared Responsibility Model|AWS Well-Architected Framework — Security Pillar / Shared Responsibility Model,schematic:compare,categorize|cloze|match,sourced,7,667,,shared-foundations,F1,shared-foundation,CONVERT_TO_SHARED_FOUNDATION,"Appears in both routes' prerequisite closure; canonical definition in Codex, application per route.",high
concept:regions-azs-and-blast-radius,"Regions, Availability Zones, and what a blast radius actually is","Regiones, zonas de disponibilidad y qué es realmente un radio de impacto",spine-concept,/[locale]/lesson/cloud-platform-l3,L3,cloud-platform,"Three replicas, all sitting in one availability zone. When that zone goes dark, exactly which of your requests get a bad response?",read+answer-check+graded-checkpoint+self-graded-recall,5,shared-responsibility-in-practice,,Amazon Builders' Library — Static stability using Availability Zones|Amazon Builders' Library — Static stability using Availability Zones,schematic:stack,categorize|order|match,sourced,7,704,,shared-foundations,F1,shared-foundation,CONVERT_TO_SHARED_FOUNDATION,"Appears in both routes' prerequisite closure; canonical definition in Codex, application per route.",high
concept:managed-service-tax,"The managed-service premium, and when it's the cheapest thing you'll buy","El sobreprecio del servicio administrado, y cuándo es lo más barato que vas a comprar",spine-concept,/[locale]/lesson/cloud-platform-l3,L3,cloud-platform,An engineer shows the same message broker running for 60% less on your own instances. What belongs in the column he left empty?,read+answer-check+graded-checkpoint+self-graded-recall,5,,,AWS Well-Architected Framework — Cost Optimization Pillar (COST 2: governance and workload-appropriate services)|AWS Well-Architected Framework — Cost Optimization Pillar (COST 2: governance and workload-appropriate services),schematic:compare,order|cloze|categorize,sourced,8,671,,shared-foundations,F1,shared-foundation,CONVERT_TO_SHARED_FOUNDATION,"Appears in both routes' prerequisite closure; canonical definition in Codex, application per route.",high
concept:iam-least-privilege-mechanics,"Least privilege as a mechanism, not an aspiration","Mínimo privilegio como mecanismo, no como aspiración",spine-concept,/[locale]/lesson/cloud-platform-l3,L3,cloud-platform,You want to narrow a wildcard permission using last month's access logs. What happens to the archival job that only runs on the 1st?,read+answer-check+graded-checkpoint+self-graded-recall,5,shared-responsibility-in-practice,injection-not-solvable-by-prompting|agent-sandboxing-least-privilege,"AWS IAM User Guide — IAM Access Analyzer (unused access, policy generation, policy validation)|AWS IAM User Guide — IAM Access Analyzer (unused access, policy generation, policy validation)",schematic:flow,order|match|cloze,sourced,7,625,,shared-foundations,F1,shared-foundation,CONVERT_TO_SHARED_FOUNDATION,"Appears in both routes' prerequisite closure; canonical definition in Codex, application per route.",high
concept:cloud-cost-as-a-design-signal,The bill is a design review you didn't schedule,La factura es una revisión de diseño que no agendaste,spine-concept,/[locale]/lesson/cloud-platform-l3,L3,cloud-platform,"The bill grew 18% while request volume stayed flat. Which design defect is each line reporting, and which line do you read first?",read+answer-check+graded-checkpoint+self-graded-recall,5,managed-service-tax,,"AWS News Blog — New public IPv4 address charge ($0.005/IP/hour, effective 2024-02-01) + AWS VPC pricing|AWS News Blog — New AWS public IPv4 address charge ($0.005/IP/hour, effective 2024-02-01) + AWS VPC pricing",schematic:flow,order|match|categorize,sourced,7,611,,shared-foundations,F1,shared-foundation,CONVERT_TO_SHARED_FOUNDATION,"Appears in both routes' prerequisite closure; canonical definition in Codex, application per route.",high
concept:compute-selection-as-a-tradeoff,"Choosing serverless, containers, or instances — and what each one bills you for","Elegir serverless, contenedores o instancias — y por qué te cobra cada uno",spine-concept,/[locale]/lesson/cloud-platform-l4,L4,cloud-platform,"Traffic is 4 requests a minute until a client dumps 800 in two minutes. Do you keep paying for six idle containers, or bill per request?",read+answer-check+graded-checkpoint+self-graded-recall,5,managed-service-tax,lora|qlora,AWS decision guide — Choosing an AWS container service; AWS Lambda and Amazon ECS pricing pages (managed-instances fee model)|AWS decision guide — Choosing an AWS container service; AWS Lambda and Amazon ECS pricing pages (managed-instances fee model),schematic:axes,categorize|cloze|match,sourced,7,623,,shared-foundations,F1,shared-foundation,CONVERT_TO_SHARED_FOUNDATION,"Appears in both routes' prerequisite closure; canonical definition in Codex, application per route.",high
concept:autoscaling-is-a-control-loop,"Autoscaling is a control loop, and control loops oscillate","El autoescalado es un lazo de control, y los lazos de control oscilan",spine-concept,/[locale]/lesson/cloud-platform-l4,L4,cloud-platform,"Your group keeps flipping between 6 and 12 instances every 15 minutes, and latency spikes on every cycle. What part of the loop is too slow?",read+manipulate-widget+answer-check+graded-checkpoint+self-graded-recall,6,compute-selection-as-a-tradeoff,,"Amazon Builders' Library — Using load shedding to avoid overload; AWS Auto Scaling documentation (target tracking vs step scaling)|Amazon Builders' Library — Using load shedding to avoid overload; AWS Auto Scaling documentation (target tracking vs step scaling, instance warm-up)",schematic:flow,tradeoff-curve|cloze|order|match,sourced,7,640,,shared-foundations,F1,shared-foundation,CONVERT_TO_SHARED_FOUNDATION,"Appears in both routes' prerequisite closure; canonical definition in Codex, application per route.",high
concept:cold-start-and-warm-path-economics,"Cold starts: what actually fixes them, and what only moves the cost",Arranques en frío: qué los arregla de verdad y qué solo mueve el costo,spine-concept,/[locale]/lesson/cloud-platform-l4,L4,cloud-platform,"One request in a hundred takes 2.4 seconds because the runtime spends 1.9 loading dependencies. Do you pay to keep capacity warm, or make startup cheaper?",read+answer-check+graded-checkpoint+self-graded-recall,5,autoscaling-is-a-control-loop,,AWS Lambda Developer Guide — SnapStart (supported runtimes and incompatibilities)|AWS Lambda Developer Guide — SnapStart (supported runtimes and incompatibilities); AWS Lambda execution environment lifecycle,schematic:compare,cloze|order|categorize,sourced,7,640,,shared-foundations,F1,shared-foundation,CONVERT_TO_SHARED_FOUNDATION,"Appears in both routes' prerequisite closure; canonical definition in Codex, application per route.",high
concept:private-network-paths-and-egress,"Where your packets go, and who charges you for the trip",Adónde van tus paquetes y quién te cobra el viaje,spine-concept,/[locale]/lesson/cloud-platform-l4,L4,cloud-platform,You peered two accounts because peering is free. Now three more accounts need that same service. Who does the work each time one is added?,read+answer-check+graded-checkpoint+self-graded-recall,5,regions-azs-and-blast-radius,,"AWS VPC Lattice User Guide (service networks, resource configurations, AZ affinity, no inter-AZ charges) + AWS PrivateLink documentation|AWS VPC Lattice User Guide (service networks, resource configurations, AZ affinity, no inter-AZ charges) + AWS PrivateLink documentation",schematic:compare,match|categorize|cloze,sourced,7,662,,shared-foundations,F1,shared-foundation,CONVERT_TO_SHARED_FOUNDATION,"Appears in both routes' prerequisite closure; canonical definition in Codex, application per route.",high
concept:infrastructure-as-code-as-a-contract,Infrastructure as code is a contract with your future self,La infraestructura como código es un contrato con tu yo futuro,spine-concept,/[locale]/lesson/cloud-platform-l4,L4,cloud-platform,You raised a queue timeout in the console during an incident. Eleven days later a routine deploy reverts it. Where should that value have lived?,read+answer-check+graded-checkpoint+self-graded-recall,5,,,"AWS Well-Architected Framework — Operational Excellence Pillar (OPS 5: infrastructure as code, change management)|AWS Well-Architected Framework — Operational Excellence Pillar (OPS 5: infrastructure as code, change management)",schematic:flow,categorize|order|match,sourced,7,635,,shared-foundations,F1,shared-foundation,CONVERT_TO_SHARED_FOUNDATION,"Appears in both routes' prerequisite closure; canonical definition in Codex, application per route.",high
concept:commitment-based-discounts,Committing to spend: what a discount really buys and locks,Comprometer gasto: qué compra y qué amarra un descuento,spine-concept,/[locale]/lesson/cloud-platform-l4,L4,cloud-platform,Finance wants a three-year commitment on $34k of your $40k monthly compute. How much of that spend will still exist twelve months from now?,read+answer-check+graded-checkpoint+self-graded-recall,5,cloud-cost-as-a-design-signal,build-buy-open-weights,AWS Savings Plans User Guide (Compute / EC2 Instance / SageMaker AI plan types; Reserved Instances by service)|AWS Savings Plans User Guide (Compute / EC2 Instance / SageMaker AI plan types; Reserved Instances by service),schematic:stack,cloze|order|categorize,sourced,7,620,,shared-foundations,F1,shared-foundation,CONVERT_TO_SHARED_FOUNDATION,"Appears in both routes' prerequisite closure; canonical definition in Codex, application per route.",high
concept:cell-based-architecture,Cell-based architecture: buying a smaller worst day,Arquitectura basada en celdas: comprar un peor día más pequeño,spine-concept,/[locale]/lesson/cloud-platform-l5,L5,cloud-platform,"When one customer's bad day becomes everyone's bad day, is it worth running several copies of your system so a failure only reaches some of them?",read+answer-check+graded-checkpoint+self-graded-recall,5,regions-azs-and-blast-radius,,AWS Whitepaper — Reducing the Scope of Impact with Cell-Based Architecture|AWS Whitepaper — Reducing the Scope of Impact with Cell-Based Architecture,schematic:compare,order|match|cloze,sourced,7,632,,shared-foundations,F2,shared-foundation,CONVERT_TO_SHARED_FOUNDATION,"Appears in both routes' prerequisite closure; canonical definition in Codex, application per route.",high
concept:shuffle-sharding-and-poison-tenants,Shuffle sharding: containing the customer who ruins everything,Fragmentación aleatoria: contener al cliente que arruina todo,spine-concept,/[locale]/lesson/cloud-platform-l5,L5,cloud-platform,How do you stop one abusive customer from reaching all the others without buying a single extra server?,read+answer-check+graded-checkpoint+self-graded-recall,5,cell-based-architecture,,Amazon Builders' Library — Workload isolation using shuffle-sharding|Amazon Builders' Library — Workload isolation using shuffle-sharding,schematic:compare,cloze|match|categorize,sourced,7,634,,shared-foundations,F2,shared-foundation,CONVERT_TO_SHARED_FOUNDATION,"Appears in both routes' prerequisite closure; canonical definition in Codex, application per route.",high
concept:static-stability-and-control-plane-dependence,Static stability: keep working when the control plane can't help,Estabilidad estática: seguir funcionando cuando el plano de control no puede ayudar,spine-concept,/[locale]/lesson/cloud-platform-l5,L5,cloud-platform,Your recovery plan asks the cloud to create something. What happens when the cloud is exactly what's broken?,read+answer-check+graded-checkpoint+self-graded-recall,5,regions-azs-and-blast-radius,,Amazon Builders' Library — Static stability using Availability Zones|Amazon Builders' Library — Static stability using Availability Zones,schematic:compare,order|match|categorize,sourced,8,682,,shared-foundations,F2,shared-foundation,CONVERT_TO_SHARED_FOUNDATION,"Appears in both routes' prerequisite closure; canonical definition in Codex, application per route.",high
concept:multi-region-honesty,Multi-region: the honest version of the conversation,Multi-región: la versión honesta de la conversación,spine-concept,/[locale]/lesson/cloud-platform-l5,L5,cloud-platform,"Someone asks for multi-region with zero data loss. Which of those two requests is cheap, and which one rewrites your write path?",read+manipulate-widget+answer-check+graded-checkpoint+self-graded-recall,6,static-stability-and-control-plane-dependence,,Amazon DynamoDB Developer Guide — Global tables with multi-Region strong consistency (region-set and immutability constraints)|Amazon DynamoDB Developer Guide — Global tables with multi-Region strong consistency (region-set and immutability constraints),schematic:axes,spectrum|cloze|order|match,sourced,6,609,,shared-foundations,F2,shared-foundation,CONVERT_TO_SHARED_FOUNDATION,"Appears in both routes' prerequisite closure; canonical definition in Codex, application per route.",high
concept:managed-data-platform-choices,Choosing a data platform you can still change your mind about,Elegir una plataforma de datos sobre la que todavía puedas cambiar de opinión,spine-concept,/[locale]/lesson/cloud-platform-l5,L5,cloud-platform,"You pick a database today. In two years, is changing your mind a config change or a six-month migration?",read+answer-check+graded-checkpoint+self-graded-recall,5,,,"Amazon S3 User Guide — S3 Tables (managed Apache Iceberg tables, automatic compaction, Glue Data Catalog integration)|Amazon S3 User Guide — S3 Tables (managed Apache Iceberg tables, automatic compaction, Glue Data Catalog integration)",schematic:stack,cloze|order|categorize,sourced,7,639,,shared-foundations,F2,shared-foundation,CONVERT_TO_SHARED_FOUNDATION,"Appears in both routes' prerequisite closure; canonical definition in Codex, application per route.",high
concept:landing-zone-and-account-boundaries,The account boundary is your strongest isolation primitive,El límite de cuenta es tu primitiva de aislamiento más fuerte,spine-concept,/[locale]/lesson/cloud-platform-l5,L5,cloud-platform,"""We can isolate teams with tags and IAM."" Which three things can a tag never do that a separate account does for free?",read+answer-check+graded-checkpoint+self-graded-recall,5,iam-least-privilege-mechanics,,AWS Control Tower User Guide + Landing Zone Accelerator on AWS documentation|AWS Control Tower User Guide + Landing Zone Accelerator on AWS documentation,schematic:compare,categorize|match|cloze,sourced,8,652,,shared-foundations,F2,shared-foundation,CONVERT_TO_SHARED_FOUNDATION,"Appears in both routes' prerequisite closure; canonical definition in Codex, application per route.",high
concept:guardrails-over-gatekeeping,Guardrails over gatekeeping: policy that can't be forgotten,Barreras en vez de porteros: política que no se puede olvidar,spine-concept,/[locale]/lesson/cloud-platform-l6,L6,cloud-platform,"Audit says no data store may ever become publicly readable. Does that rule live in a checklist, in a nightly scanner, or in the control plane?",read+answer-check+graded-checkpoint+self-graded-recall,5,landing-zone-and-account-boundaries,agent-sandboxing-least-privilege,AWS Organizations User Guide — Resource control policies (RCPs) and declarative policies|AWS Organizations User Guide — Resource control policies (RCPs) and declarative policies,schematic:stack,order|match|categorize,sourced,7,610,,shared-foundations,F3,shared-foundation,CONVERT_TO_SHARED_FOUNDATION,"Appears in both routes' prerequisite closure; canonical definition in Codex, application per route.",high
concept:platform-as-product-paved-roads,"A platform is a product, and its users can leave","Una plataforma es un producto, y sus usuarios pueden irse",spine-concept,/[locale]/lesson/cloud-platform-l6,L6,cloud-platform,"A year in, your paved road has 30% adoption and teams say their own scripts are faster. Do you mandate it, or admit you lost a comparison?",read+answer-check+graded-checkpoint+self-graded-recall,5,guardrails-over-gatekeeping,,"AWS Well-Architected Framework — Operational Excellence Pillar (OPS 3: organizational culture, enabling teams)|AWS Well-Architected Framework — Operational Excellence Pillar (OPS 3: organizational culture, enabling teams)",schematic:flow,cloze|order|match,sourced,7,608,,shared-foundations,F3,shared-foundation,CONVERT_TO_SHARED_FOUNDATION,"Appears in both routes' prerequisite closure; canonical definition in Codex, application per route.",high
concept:finops-as-engineering,FinOps as engineering: unit cost as a service-level objective,FinOps como ingeniería: el costo unitario como objetivo de nivel de servicio,spine-concept,/[locale]/lesson/cloud-platform-l6,L6,cloud-platform,"A VP wants every team's monthly spend on a shared dashboard. Why does that punish the team whose product is growing, and what would you publish instead?",read+answer-check+graded-checkpoint+self-graded-recall,5,commitment-based-discounts,,FinOps Foundation — FOCUS (FinOps Open Cost and Usage Specification) + AWS Data Exports documentation|FinOps Foundation — FOCUS (FinOps Open Cost and Usage Specification) + AWS Data Exports documentation,schematic:compare,cloze|order|categorize,sourced,7,621,,shared-foundations,F3,shared-foundation,CONVERT_TO_SHARED_FOUNDATION,"Appears in both routes' prerequisite closure; canonical definition in Codex, application per route.",high
concept:verified-resilience-gamedays,Resilience you haven't tested is a resilience story,La fiabilidad que no has probado es un cuento de fiabilidad,spine-concept,/[locale]/lesson/cloud-platform-l6,L6,cloud-platform,A senior engineer says checkout survives losing one availability zone because they designed it that way. How do you turn that into evidence without causing an outage?,read+answer-check+graded-checkpoint+self-graded-recall,5,static-stability-and-control-plane-dependence,,AWS Fault Injection Service User Guide + AWS Well-Architected Reliability Pillar (REL 12: test reliability)|AWS Fault Injection Service User Guide + AWS Well-Architected Reliability Pillar (REL 12: test reliability),schematic:flow,order|categorize|cloze,sourced,8,656,,shared-foundations,F3,shared-foundation,CONVERT_TO_SHARED_FOUNDATION,"Appears in both routes' prerequisite closure; canonical definition in Codex, application per route.",high
concept:cloud-security-program-at-scale,Security signal at org scale: from findings to sequences,Señal de seguridad a escala organizacional: de hallazgos a secuencias,spine-concept,/[locale]/lesson/cloud-platform-l6,L6,cloud-platform,"Four thousand open findings, thirty actioned a week. Does sorting them by severity tell you anything about what an attacker is actually doing in your accounts?",read+answer-check+graded-checkpoint+self-graded-recall,5,guardrails-over-gatekeeping,,Amazon GuardDuty User Guide — Extended Threat Detection (attack sequence findings)|Amazon GuardDuty User Guide — Extended Threat Detection (attack sequence findings),schematic:compare,match|categorize|order,sourced,7,629,,shared-foundations,F3,shared-foundation,CONVERT_TO_SHARED_FOUNDATION,"Appears in both routes' prerequisite closure; canonical definition in Codex, application per route.",high
concept:cloud-strategy-and-lock-in-math,"Lock-in is a price, not a sin — so calculate it","El amarre es un precio, no un pecado — entonces calcúlalo",spine-concept,/[locale]/lesson/cloud-platform-l7,L7,cloud-platform,"A director wants one rule: only provider-agnostic services, forever. What does that premium cost you on the components you were never going to move?",read+answer-check+graded-checkpoint+self-graded-recall,5,platform-as-product-paved-roads,,Martin Fowler — Bliki: Utility vs Strategic Dichotomy; AWS Well-Architected Framework (workload-appropriate service selection)|Martin Fowler — Bliki: Utility vs Strategic Dichotomy; AWS Well-Architected Framework (workload-appropriate service selection),schematic:axes,categorize|cloze|match,sourced,8,681,,shared-foundations,F3,shared-foundation,CONVERT_TO_SHARED_FOUNDATION,"Appears in both routes' prerequisite closure; canonical definition in Codex, application per route.",high
concept:capability-vs-cost-portfolio,"Running the cloud spend as a portfolio, not a budget line","Gestionar el gasto de nube como un portafolio, no como una línea de presupuesto",spine-concept,/[locale]/lesson/cloud-platform-l7,L7,cloud-platform,"The CFO asks for a 20% cut, and only 12% is recoverable waste. How do you show the other 8% is two bets rather than slack?",read+answer-check+graded-checkpoint+self-graded-recall,5,finops-as-engineering,,FinOps Foundation — FinOps Framework (Inform / Optimize / Operate phases and capability model)|FinOps Foundation — FinOps Framework (Inform / Optimize / Operate phases and capability model),schematic:stack,cloze|order|match,sourced,7,616,,shared-foundations,F3,shared-foundation,CONVERT_TO_SHARED_FOUNDATION,"Appears in both routes' prerequisite closure; canonical definition in Codex, application per route.",high
concept:org-wide-reliability-as-risk,"Reliability as enterprise risk, in the language of the room","La fiabilidad como riesgo empresarial, en el idioma de la sala",spine-concept,/[locale]/lesson/cloud-platform-l7,L7,cloud-platform,Two reliability proposals already got a nod and no budget. What single number turns an availability target into something an exec compares against a feature?,read+answer-check+graded-checkpoint+self-graded-recall,5,verified-resilience-gamedays,,"AWS Well-Architected Reliability Pillar (availability targets, cost of downtime) + Google SRE Book, ch. 3 ""Embracing Risk""|AWS Well-Architected Reliability Pillar (availability targets, cost of downtime) + Google SRE Book, ch. 3 ""Embracing Risk""",schematic:flow,cloze|categorize|match,sourced,8,670,,shared-foundations,F3,shared-foundation,CONVERT_TO_SHARED_FOUNDATION,"Appears in both routes' prerequisite closure; canonical definition in Codex, application per route.",high
concept:migration-as-a-multi-year-program,"The migration nobody finishes, and how to make it finishable","La migración que nadie termina, y cómo hacerla terminable",spine-concept,/[locale]/lesson/cloud-platform-l7,L7,cloud-platform,The migration has sat at 70% for two quarters: 40 small services whose owners gain nothing by moving. What ends that tail besides a hard deadline?,read+answer-check+graded-checkpoint+self-graded-recall,5,cloud-strategy-and-lock-in-math,,Martin Fowler — StranglerFigApplication; AWS Prescriptive Guidance — migration strategies (the 7 Rs)|Martin Fowler — StranglerFigApplication; AWS Prescriptive Guidance — migration strategies (the 7 Rs),schematic:compare,order|categorize|match,sourced,7,626,,shared-foundations,F3,shared-foundation,CONVERT_TO_SHARED_FOUNDATION,"Appears in both routes' prerequisite closure; canonical definition in Codex, application per route.",high
codex:fixed-size-chunking,Fixed-size chunking,Chunking de tamaño fijo,codex-entry,/[locale]/codex#fixed-size-chunking,,chunking,"The source carries no usable structure (an OCR'd scan, a call transcript) and you need a hard ceiling that stays under the embedding model's input limit, such as the 8,191 tokens of text-embedding-3-small.",look-up,1,,rag-retrieval-quality|rag-as-system,https://learn.microsoft.com/en-us/azure/search/vector-search-how-to-chunk-documents,schematic:compare,,sourced,4,130,,shared-foundations,,codex,KEEP,Codex is already reference-shaped; it stays the canonical layer.,high
codex:recursive-character-splitting,Recursive character splitting,División recursiva por caracteres,codex-entry,/[locale]/codex#recursive-character-splitting,,chunking,"The text has visible layout you want honored: blank lines between paragraphs, or code where function bodies are separated by blank lines, and you would rather cut there than at an arbitrary offset.",look-up,1,fixed-size-chunking,rag-retrieval-quality,https://raw.githubusercontent.com/langchain-ai/langchain/master/libs/text-splitters/langchain_text_splitters/character.py,schematic:flow,,sourced,4,129,,shared-foundations,,codex,KEEP,Codex is already reference-shaped; it stays the canonical layer.,high
codex:sentence-based-chunking,Sentence-based chunking,Chunking por oraciones,codex-entry,/[locale]/codex#sentence-based-chunking,,chunking,"Your answers are sentence-shaped, such as policy clauses or product facts, and a chunk cut mid-sentence would be unusable as a quote you show back to the user.",look-up,1,fixed-size-chunking,rag-retrieval-quality|rag-as-system,https://raw.githubusercontent.com/run-llama/llama_index/main/llama-index-core/llama_index/core/node_parser/text/sentence.py,schematic:flow,,sourced,4,122,,shared-foundations,,codex,KEEP,Codex is already reference-shaped; it stays the canonical layer.,high
codex:sliding-window-overlap,Sliding-window overlap,Solapamiento por ventana deslizante,codex-entry,/[locale]/codex#sliding-window-overlap,,chunking,"Answers span boundaries often in your corpus: an entity is named in one paragraph and its value given in the next, and you can point at retrieved chunks holding the number without the name.",look-up,1,fixed-size-chunking,rag-retrieval-quality|cost-latency-per-request,https://www.trychroma.com/research/evaluating-chunking,schematic:compare,,sourced,4,138,,shared-foundations,,codex,KEEP,Codex is already reference-shaped; it stays the canonical layer.,high
codex:semantic-chunking-embedding-breakpoints,Semantic chunking (embedding-distance breakpoints),Semantic chunking por distancia entre embeddings,codex-entry,/[locale]/codex#semantic-chunking-embedding-breakpoints,,chunking,"Your corpus has no headings or markup, topics shift mid-paragraph (call transcripts, scraped prose), and you can measure recall against a fixed-size baseline on your own queries.",look-up,1,,rag-retrieval-quality|rag-as-system,https://developers.llamaindex.ai/python/framework/module_guides/loading/node_parsers/modules/,schematic:compare,,sourced,4,125,,shared-foundations,,codex,KEEP,Codex is already reference-shaped; it stays the canonical layer.,high
codex:structural-markdown-aware-chunking,Structural (markdown-aware) chunking,"Chunking estructural, consciente del markdown",codex-entry,/[locale]/codex#structural-markdown-aware-chunking,,chunking,"Your source is Markdown, HTML, or already-parsed elements with real headings, and correct answers are scoped to one section: API reference, runbooks, policy documents.",look-up,1,,rag-retrieval-quality|indexing-tradeoffs,https://docs.langchain.com/oss/python/integrations/splitters/markdown_header_metadata_splitter,schematic:flow,,sourced,4,131,,shared-foundations,,codex,KEEP,Codex is already reference-shaped; it stays the canonical layer.,high
codex:layout-aware-chunking-pdf-tables,Layout-aware chunking for PDFs and tables,Chunking consciente del layout para PDFs y tablas,codex-entry,/[locale]/codex#layout-aware-chunking-pdf-tables,,chunking,"Your corpus is PDFs where the answer lives in a table or a two-column page, and plain text extraction interleaves the columns or flattens a table row into one unlabeled line.",look-up,1,,rag-as-system|rag-retrieval-quality,https://arxiv.org/html/2408.09869v5,schematic:flow,,sourced,4,146,,shared-foundations,,codex,KEEP,Codex is already reference-shaped; it stays the canonical layer.,high
codex:propositional-atomic-chunking,Propositional (atomic) chunking,Chunking proposicional o atómico,codex-entry,/[locale]/codex#propositional-atomic-chunking,,chunking,"Queries ask for a single fact, the reader has a hard context budget such as 500 tokens, and your retriever is unsupervised or running out of its training domain, where the granularity gain is largest.",look-up,1,,rag-retrieval-quality|prompting-as-incontext,https://arxiv.org/html/2312.06648v3,schematic:compare,,sourced,4,146,,shared-foundations,,codex,KEEP,Codex is already reference-shaped; it stays the canonical layer.,high
codex:contextual-retrieval,Contextual retrieval,Recuperación contextual,codex-entry,/[locale]/codex#contextual-retrieval,,chunking,"Your chunks stop naming their own subject: the answer chunk says ""the company"" or ""that quarter"" and never repeats the entity, so a keyword or vector query for the entity never reaches it.",look-up,1,,rag-retrieval-quality|cost-latency-per-request,https://www.anthropic.com/news/contextual-retrieval,schematic:flow,,sourced,4,129,,shared-foundations,,codex,KEEP,Codex is already reference-shaped; it stays the canonical layer.,high
codex:late-chunking,Late chunking,Late chunking (chunking tardío),codex-entry,/[locale]/codex#late-chunking,,chunking,"Documents are long and full of back references, and your encoder's context window covers a whole document. Check the window first: jina-embeddings-v2 gives 8192 tokens, roughly ten pages.",look-up,1,,rag-retrieval-quality,https://jina.ai/news/late-chunking-in-long-context-embedding-models/,schematic:compare,,sourced,4,125,,shared-foundations,,codex,KEEP,Codex is already reference-shaped; it stays the canonical layer.,high
codex:parent-document-retrieval,Parent-document retrieval (small-to-big),Recuperación por documento padre (de chico a grande),codex-entry,/[locale]/codex#parent-document-retrieval,,chunking,"Your top hits are the right sentences but too small to answer from, and the model is missing the table row, list, or paragraph that surrounded the match.",look-up,1,,rag-retrieval-quality|indexing-tradeoffs,https://developers.llamaindex.ai/python/examples/retrievers/auto_merging_retriever/,schematic:stack,,sourced,4,130,,shared-foundations,,codex,KEEP,Codex is already reference-shaped; it stays the canonical layer.,high
codex:chunk-size-selection-experiment,Chunk size as a measured decision,El tamaño de chunk como decisión medida,codex-entry,/[locale]/codex#chunk-size-selection-experiment,,chunking,"Before you index the real corpus, and again whenever you swap embedding model. The same sweep changes answer: with all-MiniLM-L6-v2, dropping overlap took recall from 82.4% to 77.1%, a penalty that did not appear with text-embedding-3-large.",look-up,1,,rag-retrieval-quality|eval-driven-dev,https://www.trychroma.com/research/evaluating-chunking,schematic:axes,,sourced,4,139,,shared-foundations,,codex,KEEP,Codex is already reference-shaped; it stays the canonical layer.,high
codex:embedding-vector-geometry,Embedding (vector representation),Embedding (representación vectorial),codex-entry,/[locale]/codex#embedding-vector-geometry,,embeddings,"Your matching requirement has to survive paraphrase: the user's words and the document's words differ, and an exact-string or keyword index returns nothing usable.",look-up,1,,rag-retrieval-quality,https://developers.openai.com/api/docs/guides/embeddings,schematic:compare,,sourced,4,142,,shared-foundations,,codex,KEEP,Codex is already reference-shaped; it stays the canonical layer.,high
codex:dense-retrieval,Dense retrieval,Recuperación densa,codex-entry,/[locale]/codex#dense-retrieval,,embeddings,"Your query logs contain paraphrases whose terms never appear in the document that answers them, and BM25 leaves that document outside the top 20.",look-up,1,embedding-vector-geometry,rag-retrieval-quality|indexing-tradeoffs,https://arxiv.org/abs/2004.04906,schematic:flow,,sourced,4,127,,shared-foundations,,codex,KEEP,Codex is already reference-shaped; it stays the canonical layer.,high
codex:learned-sparse-retrieval,Learned sparse retrieval (SPLADE),Recuperación sparse aprendida (SPLADE),codex-entry,/[locale]/codex#learned-sparse-retrieval,,embeddings,You already operate an inverted index such as Lucene or Vespa and need paraphrase matching without standing up an ANN vector store next to it.,look-up,1,embedding-vector-geometry,rag-retrieval-quality|indexing-tradeoffs,https://ar5iv.labs.arxiv.org/html/2107.05720,schematic:compare,,sourced,4,137,,shared-foundations,,codex,KEEP,Codex is already reference-shaped; it stays the canonical layer.,high
codex:late-interaction-multi-vector,Late interaction (ColBERT-style multi-vector),Interacción tardía (multi-vector estilo ColBERT),codex-entry,/[locale]/codex#late-interaction-multi-vector,,embeddings,"Recall is your ceiling: the correct passage is absent from the single-vector top 100, so no reranker over that pool can recover it.",look-up,1,embedding-vector-geometry|dense-retrieval,rag-as-system|cost-latency-per-request,https://ar5iv.labs.arxiv.org/html/2004.12832,schematic:flow,,sourced,4,146,,shared-foundations,,codex,KEEP,Codex is already reference-shaped; it stays the canonical layer.,high
codex:matryoshka-embeddings-truncation,Matryoshka embeddings and dimension truncation,Embeddings Matryoshka y truncado de dimensiones,codex-entry,/[locale]/codex#matryoshka-embeddings-truncation,,embeddings,"Your vector store caps dimensions, or your RAM bill scales with them, and the model card states the model was trained with Matryoshka loss.",look-up,1,,rag-retrieval-quality|cost-latency-per-request,https://arxiv.org/abs/2205.13147,schematic:stack,,sourced,4,135,,shared-foundations,,codex,KEEP,Codex is already reference-shaped; it stays the canonical layer.,high
codex:scalar-quantization-int8,Scalar quantization (int8),Cuantización escalar (int8),codex-entry,/[locale]/codex#scalar-quantization-int8,,embeddings,"RAM is the line item you need to cut and you can afford a few points of recall: this is usually the first compression to try, at 4x less vector memory. Qdrant's under-1% figure is quantization error, not recall — Weaviate measures 95-97% recall for the same technique, so budget 3-5%.",look-up,1,,indexing-tradeoffs|cost-latency-per-request,https://qdrant.tech/documentation/guides/quantization/,schematic:compare,,sourced,4,149,,shared-foundations,,codex,KEEP,Codex is already reference-shaped; it stays the canonical layer.,high
codex:binary-quantization,Binary quantization,Cuantización binaria,codex-entry,/[locale]/codex#binary-quantization,,embeddings,"RAM dominates your cost at your corpus size, your model emits 1024 dimensions or more, and you still keep int8 or float32 copies reachable for the rescoring pass.",look-up,1,scalar-quantization-int8,rag-retrieval-quality|indexing-tradeoffs,https://huggingface.co/blog/embedding-quantization,schematic:flow,,sourced,4,118,,shared-foundations,,codex,KEEP,Codex is already reference-shaped; it stays the canonical layer.,high
codex:recall-latency-memory-triangle,"The recall, latency and memory triangle","El triángulo de recall, latencia y memoria",codex-entry,/[locale]/codex#recall-latency-memory-triangle,,embeddings,"Before you accept any compression or offload setting: name which of the three you are willing to lose, then measure the other two on your own corpus and query mix.",look-up,1,scalar-quantization-int8|binary-quantization,indexing-tradeoffs|caching-fundamentals-and-costs|tradeoff-vocabulary,https://qdrant.tech/articles/memory-consumption/,schematic:compare,,sourced,4,162,,shared-foundations,,codex,KEEP,Codex is already reference-shaped; it stays the canonical layer.,high
codex:exact-flat-vector-search,Exact (flat) vector search,Búsqueda vectorial exacta (flat),codex-entry,/[locale]/codex#exact-flat-vector-search,,vector-indexes,"Under roughly 10k vectors, or you expect only 1000-10000 total searches so build time never amortises, or you need a ground truth to measure another index's recall against.",look-up,1,,indexing-tradeoffs|big-o-as-tradeoff|capacity-estimation,https://github.com/facebookresearch/faiss/wiki/Guidelines-to-choose-an-index,schematic:compare,,sourced,4,113,,shared-foundations,,codex,KEEP,Codex is already reference-shaped; it stays the canonical layer.,high
codex:hnsw-index,HNSW (hierarchical navigable small world),HNSW (grafo jerárquico navegable de mundo pequeño),codex-entry,/[locale]/codex#hnsw-index,,vector-indexes,"You need recall above 0.95 at single-digit-millisecond latency, and the graph plus the vectors both fit in the RAM of one instance.",look-up,1,exact-flat-vector-search,rag-retrieval-quality|memory-model-basics|read-the-tail-not-the-mean,https://arxiv.org/pdf/1603.09320v4,schematic:flow,,sourced,4,138,,shared-foundations,,codex,KEEP,Codex is already reference-shaped; it stays the canonical layer.,high
codex:ivf-pq-index,IVF-PQ (inverted file with product quantization),IVF-PQ (archivo invertido con cuantización de producto),codex-entry,/[locale]/codex#ivf-pq-index,,vector-indexes,Your vectors no longer fit in RAM at float32 and you can afford a rescore pass over the top candidates against full-precision vectors.,look-up,1,exact-flat-vector-search,capacity-estimation|unit-economics-at-scale|indexing-tradeoffs,https://milvus.io/docs/ivf-pq.md,schematic:flow,,sourced,4,124,,shared-foundations,,codex,KEEP,Codex is already reference-shaped; it stays the canonical layer.,high
codex:disk-based-ann,"Disk-based ANN (DiskANN, ScaNN family)","ANN en disco (familia DiskANN, ScaNN)",codex-entry,/[locale]/codex#disk-based-ann,,vector-indexes,"Your vector count times d x 4 bytes exceeds the RAM you are willing to rent, and a few milliseconds of SSD latency per query is acceptable to the product.",look-up,1,hnsw-index|ivf-pq-index,cost-latency-per-request|storage-engines-lsm-vs-btree|rag-as-system,https://suhasjs.github.io/files/diskann_neurips19.pdf,schematic:stack,,sourced,4,155,,shared-foundations,,codex,KEEP,Codex is already reference-shaped; it stays the canonical layer.,high
codex:bm25-lexical-retrieval,BM25 (lexical retrieval),BM25 (recuperación léxica),codex-entry,/[locale]/codex#bm25-lexical-retrieval,,retrieval-ranking,"The query carries tokens that must match literally: error codes, SKUs, function names, ticket ids, legal citations, a rare surname.",look-up,1,,rag-retrieval-quality|indexing-tradeoffs,https://arxiv.org/pdf/2104.08663v4,schematic:compare,,sourced,4,116,,shared-foundations,,codex,KEEP,Codex is already reference-shaped; it stays the canonical layer.,high
codex:hybrid-search,Hybrid search,Búsqueda híbrida,codex-entry,/[locale]/codex#hybrid-search,,retrieval-ranking,"Your miss log has two distinct shapes: queries that fail because the user paraphrased, and queries that fail on a literal identifier. One index cannot fix both.",look-up,1,bm25-lexical-retrieval,rag-retrieval-quality|rag-as-system,https://www.anthropic.com/news/contextual-retrieval,schematic:flow,,sourced,4,121,,shared-foundations,,codex,KEEP,Codex is already reference-shaped; it stays the canonical layer.,high
codex:reciprocal-rank-fusion,Reciprocal Rank Fusion (RRF),Fusión por rango recíproco (RRF),codex-entry,/[locale]/codex#reciprocal-rank-fusion,,retrieval-ranking,"You hold two or more ranked lists whose scores live on different scales, and you have no labelled pairs to train a weighted combiner.",look-up,1,hybrid-search,rag-retrieval-quality|rag-as-system,https://dl.acm.org/doi/10.1145/1571941.1572114,schematic:flow,,sourced,4,122,,shared-foundations,,codex,KEEP,Codex is already reference-shaped; it stays the canonical layer.,high
codex:cross-encoder-reranking,Cross-encoder reranking,Reranking con cross-encoder,codex-entry,/[locale]/codex#cross-encoder-reranking,,retrieval-ranking,"Recall@100 on your eval set is high but precision@5 is poor, meaning the right passage is retrieved and then sits below the cutoff you send to the model.",look-up,1,bm25-lexical-retrieval,rag-retrieval-quality|cost-latency-per-request,https://sbert.net/examples/applications/cross-encoder/README.html,schematic:compare,,sourced,4,116,,shared-foundations,,codex,KEEP,Codex is already reference-shaped; it stays the canonical layer.,high
codex:query-rewriting,Query rewriting,Reescritura de consultas,codex-entry,/[locale]/codex#query-rewriting,,retrieval-ranking,"Your query log shows short, misspelled, or vocabulary-mismatched queries, and the metric that fails is recall at 50, not the ranking of what you already found.",look-up,1,,rag-retrieval-quality,https://learn.microsoft.com/en-us/azure/search/semantic-how-to-query-rewrite,schematic:flow,,sourced,4,115,,shared-foundations,,codex,KEEP,Codex is already reference-shaped; it stays the canonical layer.,high
codex:hyde-hypothetical-document-embeddings,HyDE (hypothetical document embeddings),HyDE (embeddings de documentos hipotéticos),codex-entry,/[locale]/codex#hyde-hypothetical-document-embeddings,,retrieval-ranking,"You have no relevance labels and no query log, and an off-the-shelf or unsupervised embedding model is losing to BM25 on your own eval set.",look-up,1,,rag-retrieval-quality|rag-as-system,https://arxiv.org/abs/2212.10496,schematic:compare,,sourced,4,124,,shared-foundations,,codex,KEEP,Codex is already reference-shaped; it stays the canonical layer.,high
codex:multi-query-fan-out,Multi-query fan-out,Fan-out de múltiples consultas,codex-entry,/[locale]/codex#multi-query-fan-out,,retrieval-ranking,"One phrasing of a question reliably misses documents you know are indexed, and your eval shows recall swinging widely across paraphrases of the same intent.",look-up,1,,rag-retrieval-quality|cost-latency-per-request,https://raw.githubusercontent.com/langchain-ai/langchain/master/libs/langchain/langchain_classic/retrievers/multi_query.py,schematic:flow,,sourced,4,102,,shared-foundations,,codex,KEEP,Codex is already reference-shaped; it stays the canonical layer.,high
codex:query-decomposition-multi-hop,Query decomposition for multi-hop questions,Descomposición de consultas para preguntas multi-hop,codex-entry,/[locale]/codex#query-decomposition-multi-hop,,retrieval-ranking,"The items failing your eval are questions whose answer depends on a fact you can only look up after resolving an earlier one, and single-shot retrieval returns documents for one hop only.",look-up,1,,rag-as-system|rag-retrieval-quality,https://arxiv.org/abs/2210.03350,schematic:flow,,sourced,4,125,,shared-foundations,,codex,KEEP,Codex is already reference-shaped; it stays the canonical layer.,high
codex:prefilter-vs-postfilter-metadata-filtering,Metadata filtering: pre-filter vs post-filter,Filtrado por metadatos: pre-filtro vs post-filtro,codex-entry,/[locale]/codex#prefilter-vs-postfilter-metadata-filtering,,retrieval-ranking,"Your query carries a predicate that keeps under about 2% of the corpus, or k is small: pre-filtering is then the only mode that guarantees k rows.",look-up,1,,rag-retrieval-quality|indexing-tradeoffs,https://learn.microsoft.com/en-us/azure/search/vector-search-filters,schematic:compare,,sourced,4,114,,shared-foundations,,codex,KEEP,Codex is already reference-shaped; it stays the canonical layer.,high
codex:mmr-diversity-reranking,MMR (maximal marginal relevance) reranking,Reranking por MMR (relevancia marginal máxima),codex-entry,/[locale]/codex#mmr-diversity-reranking,,retrieval-ranking,"Your top-k inspection shows the same passage arriving as three near-duplicate chunks, so the model reads one fact k times instead of k facts.",look-up,1,,rag-retrieval-quality,https://reference.langchain.com/python/langchain-core/vectorstores/base/VectorStore/max_marginal_relevance_search,schematic:flow,,sourced,4,102,,shared-foundations,,codex,KEEP,Codex is already reference-shaped; it stays the canonical layer.,high
codex:graph-retrieval-graphrag,Graph-based retrieval (GraphRAG),Retrieval basado en grafo (GraphRAG),codex-entry,/[locale]/codex#graph-retrieval-graphrag,,retrieval-ranking,"Users ask corpus-wide questions such as what themes run across these 3,000 documents, which no single chunk answers, and the corpus changes rarely enough to amortize one index build.",look-up,1,,rag-as-system|rag-retrieval-quality,https://arxiv.org/html/2404.16130v2,schematic:compare,,sourced,4,108,,shared-foundations,,codex,KEEP,Codex is already reference-shaped; it stays the canonical layer.,high
codex:hierarchical-summary-index-retrieval,Hierarchical summary index retrieval (RAPTOR),Retrieval sobre índice jerárquico de resúmenes (RAPTOR),codex-entry,/[locale]/codex#hierarchical-summary-index-retrieval,,retrieval-ranking,"Answers need information from more than one chunk of the same document, and your top-k of leaf chunks each hold a fragment that on its own reads as irrelevant.",look-up,1,,rag-retrieval-quality|rag-as-system,https://arxiv.org/html/2401.18059v1,schematic:stack,,sourced,4,115,,shared-foundations,,codex,KEEP,Codex is already reference-shaped; it stays the canonical layer.,high
codex:retrieval-vs-generation-eval,Separating retrieval and generation metrics,Separar métricas de recuperación y generación,codex-entry,/[locale]/codex#retrieval-vs-generation-eval,,evaluation,"Before you touch the prompt: if the end-to-end score dropped, check retrieval first, because the generator cannot ground an answer on a chunk it never received.",look-up,1,,rag-as-system|eval-first-mindset|llm-judge,https://arxiv.org/html/2309.15217v2,schematic:compare,,sourced,4,124,,shared-foundations,,codex,KEEP,Codex is already reference-shaped; it stays the canonical layer.,high
codex:recall-at-k,Recall@k,Recall@k,codex-entry,/[locale]/codex#recall-at-k,,evaluation,"When a reranker or a generator can only work with what it receives: measure recall at the exact k you feed downstream, before spending money on either stage.",look-up,1,retrieval-vs-generation-eval,rag-retrieval-quality|eval-driven-dev,https://www.elastic.co/docs/api/doc/elasticsearch/operation/operation-rank-eval,schematic:flow,,sourced,4,108,,shared-foundations,,codex,KEEP,Codex is already reference-shaped; it stays the canonical layer.,high
codex:mrr-and-ndcg,MRR and nDCG,MRR y nDCG,codex-entry,/[locale]/codex#mrr-and-ndcg,,evaluation,"MRR when a single right answer ends the query, as in lookup or jump-to-document search. nDCG when relevance is graded and several passages matter, which is the RAG case for any k above 1.",look-up,1,recall-at-k,rag-retrieval-quality|delivery-metrics-without-goodhart,https://amenra.github.io/ranx/metrics/,schematic:compare,,sourced,4,147,,shared-foundations,,codex,KEEP,Codex is already reference-shaped; it stays the canonical layer.,high
codex:context-precision,Context precision and context relevance,Precisión de contexto y relevancia de contexto,codex-entry,/[locale]/codex#context-precision,,evaluation,"When the prompt truncates context or the model degrades on long inputs: context precision falls when relevant chunks sit low in the list, a defect recall@k cannot see at all.",look-up,1,retrieval-vs-generation-eval,rag-retrieval-quality|llm-judge,https://docs.ragas.io/en/stable/concepts/metrics/available_metrics/context_precision/,schematic:flow,,sourced,4,130,,shared-foundations,,codex,KEEP,Codex is already reference-shaped; it stays the canonical layer.,high
codex:faithfulness-groundedness,Faithfulness (groundedness),Fidelidad (anclaje al contexto recuperado),codex-entry,/[locale]/codex#faithfulness-groundedness,,evaluation,"Your answers cite retrieved documents, and one wrong sentence stated with confidence is a real incident rather than a cosmetic defect. Reach for it when retrieval scores already look fine and users still report invented details.",look-up,1,,llm-judge|rag-as-system,https://aclanthology.org/2024.eacl-demo.16.pdf,schematic:flow,,sourced,4,130,,shared-foundations,,codex,KEEP,Codex is already reference-shaped; it stays the canonical layer.,high
codex:answer-relevance-metric,Answer relevance (response relevancy),Relevancia de la respuesta,codex-entry,/[locale]/codex#answer-relevance-metric,,evaluation,"Users report that answers wander, restate the question, or bury the point, while faithfulness stays high. It also catches an answer that covers only one half of a two-part question.",look-up,1,,llm-judge|rag-retrieval-quality,https://docs.ragas.io/en/stable/concepts/metrics/available_metrics/answer_relevance/,schematic:compare,,sourced,4,125,,shared-foundations,,codex,KEEP,Codex is already reference-shaped; it stays the canonical layer.,high
codex:golden-set-construction,Golden set (labeled evaluation dataset),Conjunto dorado (dataset de evaluación etiquetado),codex-entry,/[locale]/codex#golden-set-construction,,evaluation,"Before you tune a prompt or swap a model, because without a fixed labeled set every comparison is anecdote. Also the first time two people disagree about whether a given output was acceptable.",look-up,1,,eval-driven-dev|eval-first-mindset,https://docs.ragas.io/en/stable/howtos/applications/align-llm-as-judge/,schematic:flow,,sourced,4,149,,shared-foundations,,codex,KEEP,Codex is already reference-shaped; it stays the canonical layer.,high
codex:llm-judge-human-agreement,Validating an LLM judge against human labels,Validar un juez LLM contra etiquetas humanas,codex-entry,/[locale]/codex#llm-judge-human-agreement,,evaluation,"Any time a judge score will gate a deploy or land in a report someone acts on. The usable bar in practice is agreement with the expert at or above the human-human rate on the same items, 81% in MT-bench.",look-up,1,golden-set-construction,llm-judge|eval-as-org-capability,https://arxiv.org/pdf/2306.05685v4,schematic:flow,,sourced,4,150,,shared-foundations,,codex,KEEP,Codex is already reference-shaped; it stays the canonical layer.,high
codex:rag-failure-taxonomy,The seven RAG failure points,Los siete puntos de falla de RAG,codex-entry,/[locale]/codex#rag-failure-taxonomy,,evaluation,A RAG answer is wrong and you need to know which stage to instrument before you swap the embedding model.,look-up,1,,rag-as-system|rag-retrieval-quality,https://arxiv.org/html/2401.05856v1,schematic:flow,,sourced,4,111,,shared-foundations,,codex,KEEP,Codex is already reference-shaped; it stays the canonical layer.,high
codex:rag-missing-content,FP1 missing content,FP1 contenido ausente,codex-entry,/[locale]/codex#rag-missing-content,,evaluation,The retrieved chunks are on topic and none of them states the specific fact the user asked for.,look-up,1,rag-failure-taxonomy,rag-as-system,https://arxiv.org/html/2401.05856v1,,,sourced,3,98,,shared-foundations,,codex,KEEP,Codex is already reference-shaped; it stays the canonical layer.,high
codex:rag-missed-top-ranked,FP2 missed the top ranked documents,FP2 el documento quedó fuera del top ranked,codex-entry,/[locale]/codex#rag-missed-top-ranked,,evaluation,recall@k on your labelled set is below your answer accuracy target and the gold chunk sits at rank 20 or lower.,look-up,1,rag-failure-taxonomy,rag-retrieval-quality,https://arxiv.org/html/2401.05856v1,,,sourced,3,107,,shared-foundations,,codex,KEEP,Codex is already reference-shaped; it stays the canonical layer.,high
codex:rag-not-in-context,FP3 not in context,FP3 fuera del contexto,codex-entry,/[locale]/codex#rag-not-in-context,,evaluation,Retrieval logs contain the right chunk id and the prompt you actually sent does not.,look-up,1,rag-failure-taxonomy,rag-as-system,https://arxiv.org/html/2401.05856v1,,,sourced,3,91,,shared-foundations,,codex,KEEP,Codex is already reference-shaped; it stays the canonical layer.,high
codex:rag-not-extracted,FP4 not extracted,FP4 no extraído,codex-entry,/[locale]/codex#rag-not-extracted,,evaluation,"You pasted the exact prompt into a playground, the answer is visibly in it, and the model still misses.",look-up,1,rag-failure-taxonomy,prompting-as-incontext,https://arxiv.org/html/2401.05856v1,,,sourced,3,99,,shared-foundations,,codex,KEEP,Codex is already reference-shaped; it stays the canonical layer.,high
codex:rag-wrong-format,FP5 wrong format,FP5 formato incorrecto,codex-entry,/[locale]/codex#rag-wrong-format,,evaluation,"A downstream parser consumes the answer, so a shape violation breaks the next job instead of only looking odd.",look-up,1,rag-failure-taxonomy,prompting-as-incontext,https://arxiv.org/html/2401.05856v1,,,sourced,3,109,,shared-foundations,,codex,KEEP,Codex is already reference-shaped; it stays the canonical layer.,high
codex:rag-incorrect-specificity,FP6 incorrect specificity,FP6 especificidad incorrecta,codex-entry,/[locale]/codex#rag-incorrect-specificity,,evaluation,Reviewers keep marking answers as technically correct and not useful for the question that was asked.,look-up,1,rag-failure-taxonomy,rag-as-system,https://arxiv.org/html/2401.05856v1,,,sourced,3,106,,shared-foundations,,codex,KEEP,Codex is already reference-shaped; it stays the canonical layer.,high
codex:ragas-noise-sensitivity,Noise sensitivity (Ragas),Sensibilidad al ruido (Ragas),codex-entry,/[locale]/codex#ragas-noise-sensitivity,,evaluation,You need a number for FP4: good chunks were retrieved and the answer still carries claims the reference does not support.,look-up,1,rag-not-extracted,eval-driven-dev|rag-retrieval-quality,https://docs.ragas.io/en/stable/concepts/metrics/available_metrics/noise_sensitivity/,schematic:compare,,sourced,4,113,,shared-foundations,,codex,KEEP,Codex is already reference-shaped; it stays the canonical layer.,high
codex:agent-run-as-span-tree,An agent run as a span tree,Una corrida de agente como árbol de spans,codex-entry,/[locale]/codex#agent-run-as-span-tree,,evaluation,An agent loops or stalls and the total wall time is not enough: you need to see which tool call repeated.,look-up,1,,ai-observability|concrete-agent-orchestration-patterns-and,https://raw.githubusercontent.com/open-telemetry/semantic-conventions-genai/main/docs/gen-ai/gen-ai-agent-spans.md,schematic:stack,,sourced,4,115,,shared-foundations,,codex,KEEP,Codex is already reference-shaped; it stays the canonical layer.,high
codex:otel-genai-semconv,OpenTelemetry GenAI semantic conventions,Convenciones semánticas GenAI de OpenTelemetry,codex-entry,/[locale]/codex#otel-genai-semconv,,evaluation,Two or more services call models through different SDKs and you want one token and latency panel across all of them.,look-up,1,agent-run-as-span-tree,ai-observability|observability-high-cardinality,https://raw.githubusercontent.com/open-telemetry/semantic-conventions-genai/main/docs/gen-ai/gen-ai-metrics.md,schematic:compare,,sourced,4,91,,shared-foundations,,codex,KEEP,Codex is already reference-shaped; it stays the canonical layer.,high
codex:context-window-as-budget,The context window as a budget,La ventana de contexto como presupuesto,codex-entry,/[locale]/codex#context-window-as-budget,,context-engineering,"Before adding a tool, a document or a retrieval step, compute what fraction of the window it consumes at steady state across all turns of a run.",look-up,1,,cost-latency-per-request|fm-behavior-nondeterminism,https://platform.claude.com/docs/en/docs/build-with-claude/context-windows,schematic:stack,,sourced,4,140,,shared-foundations,,codex,KEEP,Codex is already reference-shaped; it stays the canonical layer.,high
codex:lost-in-the-middle-context-rot,Lost in the middle (context rot),Perdido en el medio (context rot),codex-entry,/[locale]/codex#lost-in-the-middle-context-rot,,context-engineering,"Whenever a prompt places retrieved chunks or long history between the instruction and the question, and exact recall matters more than fluency.",look-up,1,context-window-as-budget,rag-retrieval-quality|rag-as-system,https://ar5iv.labs.arxiv.org/html/2307.03172,schematic:axes,,sourced,4,144,,shared-foundations,,codex,KEEP,Codex is already reference-shaped; it stays the canonical layer.,high
codex:prompt-caching,Prompt caching,Prompt caching (cache de prefijos),codex-entry,/[locale]/codex#prompt-caching,,context-engineering,"When a prefix of at least 1,024 tokens (512 on Opus 5, 4,096 on Haiku 4.5) is resent inside 5 minutes and everything that varies sits after it.",look-up,1,context-window-as-budget,cost-latency-per-request|caching-strategies|unit-economics-at-scale,https://platform.claude.com/docs/en/docs/build-with-claude/prompt-caching,schematic:compare,,sourced,4,157,,shared-foundations,,codex,KEEP,Codex is already reference-shaped; it stays the canonical layer.,high
codex:compaction-and-summarization,Compaction and summarization,Compactación y resumen,codex-entry,/[locale]/codex#compaction-and-summarization,,context-engineering,"When a single run's input tokens regularly reach the 50,000-plus range and the early turns are stale tool output rather than decisions you still need verbatim.",look-up,1,context-window-as-budget|prompt-caching,concrete-agent-orchestration-patterns-and|agency-spectrum|ai-observability,https://platform.claude.com/docs/en/docs/build-with-claude/compaction,schematic:flow,,sourced,4,145,,shared-foundations,,codex,KEEP,Codex is already reference-shaped; it stays the canonical layer.,high
codex:external-memory-notes,Structured note-taking as external memory,Toma de notas estructurada como memoria externa,codex-entry,/[locale]/codex#external-memory-notes,,context-engineering,"When the work will outlive one context window, or when an interruption would force the agent to re-derive what it already learned.",look-up,1,,prompting-as-incontext,https://platform.claude.com/docs/en/agents-and-tools/tool-use/memory-tool,schematic:flow,,sourced,4,131,,shared-foundations,,codex,KEEP,Codex is already reference-shaped; it stays the canonical layer.,high
codex:subagent-context-isolation,Sub-agent context isolation,Aislamiento de contexto en subagentes,codex-entry,/[locale]/codex#subagent-context-isolation,,context-engineering,"When a side task would fill the main window with search results, logs or file contents that the main agent will never read again.",look-up,1,,concrete-agent-orchestration-patterns-and,https://www.anthropic.com/engineering/multi-agent-research-system,schematic:compare,,sourced,4,136,,shared-foundations,,codex,KEEP,Codex is already reference-shaped; it stays the canonical layer.,high
codex:just-in-time-context-retrieval,Just-in-time context loading,Carga de contexto justo a tiempo,codex-entry,/[locale]/codex#just-in-time-context-retrieval,,context-engineering,"When you have 10 or more tools available, or when the definitions alone already consume more than 10k tokens before the model does any work.",look-up,1,,tools-function-calling,https://platform.claude.com/docs/en/agents-and-tools/tool-use/tool-search-tool,schematic:flow,,sourced,4,143,codex:progressive-tool-disclosure,shared-foundations,,codex,KEEP,Codex is already reference-shaped; it stays the canonical layer.,high
codex:long-context-vs-retrieval,Long context versus retrieval,Contexto largo frente a recuperación,codex-entry,/[locale]/codex#long-context-vs-retrieval,,context-engineering,"Cross to retrieval once the answer-bearing slice is a tiny fraction of the corpus. Chroma's focused condition averaged about 300 tokens against a full input of about 113k, and every model scored higher on the focused one.",look-up,1,just-in-time-context-retrieval,rag-as-system|rag-retrieval-quality,https://www.trychroma.com/research/context-rot,schematic:compare,,sourced,4,137,,shared-foundations,,codex,KEEP,Codex is already reference-shaped; it stays the canonical layer.,high
codex:workflow-vs-agent,Workflow vs. agent,Workflow vs. agente,codex-entry,/[locale]/codex#workflow-vs-agent,,agent-patterns,Pick a workflow when you can enumerate the subtasks before the first request; pick an agent only when the number of steps depends on input you have not seen yet.,look-up,1,,agency-spectrum|concrete-agent-orchestration-patterns-and,https://www.anthropic.com/engineering/multi-agent-research-system,schematic:compare,,sourced,4,129,,shared-foundations,,codex,KEEP,Codex is already reference-shaped; it stays the canonical layer.,high
codex:prompt-chaining,Prompt chaining,Cadena de prompts,codex-entry,/[locale]/codex#prompt-chaining,,agent-patterns,"When the task decomposes cleanly into subtasks you can name in advance, and one call already returns output that is right in parts and wrong in others.",look-up,1,workflow-vs-agent,prompting-as-incontext|eval-driven-dev,https://www.anthropic.com/engineering/building-effective-agents,schematic:flow,,sourced,3,129,,shared-foundations,,codex,KEEP,Codex is already reference-shaped; it stays the canonical layer.,high
codex:routing,Routing,Enrutamiento,codex-entry,/[locale]/codex#routing,,agent-patterns,"When your traffic has categories that measurably want different prompts, and you can classify them accurately enough that a misroute is rarer than the error you are removing.",look-up,1,workflow-vs-agent,cost-latency-per-request|unit-economics-at-scale,https://arxiv.org/html/2406.18665v4,schematic:compare,,sourced,4,123,,shared-foundations,,codex,KEEP,Codex is already reference-shaped; it stays the canonical layer.,high
codex:parallelization-sectioning,Parallelization: sectioning,Paralelización: seccionado,codex-entry,/[locale]/codex#parallelization-sectioning,,agent-patterns,"When the subtasks genuinely never read each other's output, and either wall-clock latency matters or a single call is visibly dropping one of the considerations you asked for.",look-up,1,workflow-vs-agent,ai-architecture-guardrails|cost-latency-per-request,https://www.anthropic.com/engineering/multi-agent-research-system,schematic:flow,,sourced,4,124,,shared-foundations,,codex,KEEP,Codex is already reference-shaped; it stays the canonical layer.,high
codex:parallelization-voting,Parallelization: voting,Paralelización: votación,codex-entry,/[locale]/codex#parallelization-voting,,agent-patterns,"When the task has one right answer that different reasoning paths can reach independently, and you can afford several samples per response.",look-up,1,workflow-vs-agent,llm-judge|fm-behavior-nondeterminism,https://ar5iv.labs.arxiv.org/html/2203.11171,schematic:compare,,sourced,4,107,,shared-foundations,,codex,KEEP,Codex is already reference-shaped; it stays the canonical layer.,high
codex:orchestrator-worker,Orchestrator-worker,Orquestador-trabajadores,codex-entry,/[locale]/codex#orchestrator-worker,,agent-patterns,"The subtasks cannot be listed before the request arrives, and the query is breadth-first: several independent directions, each worth its own 10-15 tool calls.",look-up,1,workflow-vs-agent|parallelization-sectioning,concrete-agent-orchestration-patterns-and|agency-spectrum,https://www.anthropic.com/engineering/multi-agent-research-system,schematic:flow,,sourced,4,136,,shared-foundations,,codex,KEEP,Codex is already reference-shaped; it stays the canonical layer.,high
codex:evaluator-optimizer,Evaluator-optimizer,Evaluador-optimizador,codex-entry,/[locale]/codex#evaluator-optimizer,,agent-patterns,"You can write the grading criteria before generating anything, and a human articulating that same feedback would measurably improve the draft.",look-up,1,workflow-vs-agent|llm-judge-human-agreement,llm-judge|eval-driven-dev,https://www.anthropic.com/engineering/building-effective-agents,schematic:flow,,sourced,4,136,,shared-foundations,,codex,KEEP,Codex is already reference-shaped; it stays the canonical layer.,high
codex:autonomous-tool-use-loop,The autonomous tool-use loop,El bucle autónomo de uso de herramientas,codex-entry,/[locale]/codex#autonomous-tool-use-loop,,agent-patterns,"The number of steps depends on what the environment returns, and every step yields ground truth you can check, such as an exit code or a test result.",look-up,1,tool-use-function-calling|workflow-vs-agent,tools-function-calling|agency-spectrum,https://code.claude.com/docs/en/agent-sdk/agent-loop,schematic:flow,,sourced,4,152,,shared-foundations,,codex,KEEP,Codex is already reference-shaped; it stays the canonical layer.,high
codex:parallel-agent-read-write-asymmetry,Read/write asymmetry in parallel agents,Asimetría de lectura y escritura entre agentes paralelos,codex-entry,/[locale]/codex#parallel-agent-read-write-asymmetry,,agent-patterns,"Before you fan work out, ask whether two agents could touch the same file, row or branch. If they could, fan out the reads and keep the write on one path.",look-up,1,orchestrator-worker|subagent-context-isolation,concrete-agent-orchestration-patterns-and,https://code.claude.com/docs/en/workflows,schematic:compare,,sourced,4,158,,shared-foundations,,codex,KEEP,Codex is already reference-shaped; it stays the canonical layer.,high
codex:no-agent-yet,You have not earned an agent yet,Todavía no te ganaste un agente,codex-entry,/[locale]/codex#no-agent-yet,,agent-patterns,"You cannot state today's pass rate on a fixed set of inputs. Then the next thing you build is the eval set, not the agent.",look-up,1,workflow-vs-agent,eval-first-mindset|eval-driven-dev,https://www.anthropic.com/engineering/building-effective-agents,schematic:compare,,sourced,4,147,,shared-foundations,,codex,KEEP,Codex is already reference-shaped; it stays the canonical layer.,high
codex:tool-use-function-calling,Tool use (function calling),Tool use (llamada a funciones),codex-entry,/[locale]/codex#tool-use-function-calling,,tools-integration,"The answer depends on live state the prompt cannot hold (a current balance, a row in your database), or the turn has to produce an effect outside the conversation.",look-up,1,,tools-function-calling|agency-spectrum,https://platform.claude.com/docs/en/agents-and-tools/tool-use/overview,schematic:flow,,sourced,4,148,,shared-foundations,,codex,KEEP,Codex is already reference-shaped; it stays the canonical layer.,high
codex:tool-description-as-prompt,The tool description is a prompt,La description de una tool es un prompt,codex-entry,/[locale]/codex#tool-description-as-prompt,,tools-integration,"The model picks the wrong tool, calls none at all, or fills a parameter oddly. Read the description before touching the system prompt or the model choice.",look-up,1,tool-use-function-calling,tools-function-calling|prompting-as-incontext,https://platform.claude.com/docs/en/agents-and-tools/tool-use/define-tools,schematic:compare,,sourced,4,159,,shared-foundations,,codex,KEEP,Codex is already reference-shaped; it stays the canonical layer.,high
codex:tool-error-as-prompt,Error messages as prompts,Los mensajes de error como prompt,codex-entry,/[locale]/codex#tool-error-as-prompt,,tools-integration,"The tool can fail for a reason the model could act on: a malformed argument, a rate limit, a result set too large, or a resource that must be created first.",look-up,1,tool-use-function-calling,tools-function-calling|delivery-semantics-idempotency,https://platform.claude.com/docs/en/agents-and-tools/tool-use/handle-tool-calls,schematic:compare,,sourced,4,147,,shared-foundations,,codex,KEEP,Codex is already reference-shaped; it stays the canonical layer.,high
codex:token-efficient-tool-returns,Token-efficient tool returns,Retornos de tool eficientes en tokens,codex-entry,/[locale]/codex#token-efficient-tool-returns,,tools-integration,"A tool can return an unbounded set (log lines, search hits, table rows), or one agent run makes dozens of calls whose results all remain in context afterwards.",look-up,1,tool-use-function-calling|context-window-as-budget,cost-latency-per-request|tools-function-calling,https://www.anthropic.com/engineering/writing-tools-for-agents,schematic:compare,,sourced,4,147,,shared-foundations,,codex,KEEP,Codex is already reference-shaped; it stays the canonical layer.,high
codex:mcp-protocol-scope,MCP: what it standardizes,MCP: qué estandariza,codex-entry,/[locale]/codex#mcp-protocol-scope,,tools-integration,"Reach for MCP when the same tool or data source must be reachable from more than one host application, so a bespoke per-host integration would get written twice.",look-up,1,,mcp-integration|tools-function-calling,https://modelcontextprotocol.io/specification/2026-07-28/architecture,schematic:compare,,sourced,4,131,,shared-foundations,,codex,KEEP,Codex is already reference-shaped; it stays the canonical layer.,high
codex:mcp-primitives,"MCP primitives: tools, resources, prompts","Primitivas de MCP: tools, resources, prompts",codex-entry,/[locale]/codex#mcp-primitives,,tools-integration,"Choose a tool when the model must decide to act, a resource when the host or user picks what enters context, and a prompt when a person triggers a named workflow.",look-up,1,mcp-protocol-scope,mcp-integration|tools-function-calling,https://modelcontextprotocol.io/specification/2026-07-28/server/tools,schematic:stack,,sourced,4,121,,shared-foundations,,codex,KEEP,Codex is already reference-shaped; it stays the canonical layer.,high
codex:progressive-tool-disclosure,Progressive tool disclosure,Descubrimiento progresivo de herramientas,codex-entry,/[locale]/codex#progressive-tool-disclosure,,tools-integration,"Turn it on when tool definitions pass roughly 10k tokens or 10 tools, and above all past 30 to 50 tools, where selection accuracy starts to degrade.",look-up,1,,tools-function-calling|cost-latency-per-request,https://www.anthropic.com/engineering/advanced-tool-use,schematic:compare,,sourced,4,129,codex:just-in-time-context-retrieval,shared-foundations,,codex,KEEP,Codex is already reference-shaped; it stays the canonical layer.,high
codex:code-execution-as-a-tool,Code execution as a tool,Ejecución de código como herramienta,codex-entry,/[locale]/codex#code-execution-as-a-tool,,tools-integration,"Use it when a step's output is large and its only consumer is the next tool call, such as piping a meeting transcript out of Drive into a Salesforce record.",look-up,1,progressive-tool-disclosure,tools-function-calling|injection-basics,https://www.anthropic.com/engineering/code-execution-with-mcp,schematic:flow,,sourced,4,141,,shared-foundations,,codex,KEEP,Codex is already reference-shaped; it stays the canonical layer.,high
codex:prefill-vs-decode,Prefill vs decode,Prefill contra decode,codex-entry,/[locale]/codex#prefill-vs-decode,,serving,"When TTFT and inter-token latency do not tell the same story. Raise batch size: if throughput climbs while inter-token latency barely moves you are decode-bound, and if TTFT tracks prompt length you are prefill-bound.",look-up,1,,cost-latency-per-request|network-latency-throughput,https://ar5iv.labs.arxiv.org/html/2403.02310,schematic:compare,,sourced,4,152,,shared-foundations,,codex,KEEP,Codex is already reference-shaped; it stays the canonical layer.,high
codex:kv-cache-memory-cost,KV cache and its memory bill,KV cache y su factura de memoria,codex-entry,/[locale]/codex#kv-cache-memory-cost,,serving,"Before picking a GPU or fixing a max context length. Compute bytes per token from the model config, multiply by max_model_len times target concurrency, and check it fits in what is left after the weights.",look-up,1,prefill-vs-decode,memory-model-basics|capacity-estimation,https://ar5iv.labs.arxiv.org/html/2309.06180,schematic:stack,,sourced,4,160,,shared-foundations,,codex,KEEP,Codex is already reference-shaped; it stays the canonical layer.,high
codex:continuous-batching,Continuous batching,Continuous batching (batching continuo),codex-entry,/[locale]/codex#continuous-batching,,serving,When generated lengths vary across requests. Divide the longest generation in your traffic by the mean: that ratio approximates the fraction of GPU time static batching throws away.,look-up,1,prefill-vs-decode|kv-cache-memory-cost,async-messaging-when-to-queue|performance-engineering-methodology-capacity-planning,https://www.anyscale.com/blog/continuous-batching-llm-inference,schematic:compare,,sourced,4,148,,shared-foundations,,codex,KEEP,Codex is already reference-shaped; it stays the canonical layer.,high
codex:paged-attention,PagedAttention,PagedAttention (atención paginada),codex-entry,/[locale]/codex#paged-attention,,serving,"When memory profiling shows large reserved-but-unused KV space, or when several requests share a long prefix, which is the case for a fixed system prompt, parallel sampling and beam search.",look-up,1,kv-cache-memory-cost|continuous-batching,caching-fundamentals-and-costs|cost-latency-per-request,https://ar5iv.labs.arxiv.org/html/2309.06180,schematic:compare,,sourced,4,158,,shared-foundations,,codex,KEEP,Codex is already reference-shaped; it stays the canonical layer.,high
codex:speculative-decoding,Speculative decoding,Speculative decoding (decodificación especulativa),codex-entry,/[locale]/codex#speculative-decoding,,serving,"Reach for it when inter-token latency is the complaint and the GPU sits memory-bound at low concurrency. vLLM names the target workload explicitly: ""medium-to-low QPS (query per second), memory-bound workloads"".",look-up,1,,cost-latency-per-request|read-the-tail-not-the-mean,https://docs.vllm.ai/en/latest/features/speculative_decoding/,schematic:compare,,sourced,4,137,,shared-foundations,,codex,KEEP,Codex is already reference-shaped; it stays the canonical layer.,high
codex:weight-quantization-vs-kv-cache-quantization,Weight quantization vs KV-cache quantization,Cuantización de pesos vs cuantización del KV cache,codex-entry,/[locale]/codex#weight-quantization-vs-kv-cache-quantization,,serving,Quantize weights when the model barely fits on the card or when decode is bandwidth-bound in the weights. Quantize the KV cache when the scheduler is preempting and recomputing requests because KV blocks ran out.,look-up,1,,memory-model-basics|cost-latency-per-request,https://docs.vllm.ai/en/latest/features/quantization/llm_compressor/fp8/,schematic:compare,,sourced,4,182,,shared-foundations,,codex,KEEP,Codex is already reference-shaped; it stays the canonical layer.,high
codex:ttft-vs-itl-vs-throughput,"TTFT, inter-token latency and throughput as three separate goals","TTFT, latencia entre tokens y throughput como tres objetivos separados",codex-entry,/[locale]/codex#ttft-vs-itl-vs-throughput,,serving,"Name the one your product is judged on before tuning anything. A chat surface is judged on TTFT and inter-token latency, a nightly extraction job only on tokens per second and dollars.",look-up,1,,read-the-tail-not-the-mean|network-latency-throughput|cost-latency-per-request,https://docs.nvidia.com/nim/benchmarking/llm/latest/metrics.html,schematic:stack,,sourced,4,161,,shared-foundations,,codex,KEEP,Codex is already reference-shaped; it stays the canonical layer.,high
codex:batch-size-as-the-latency-cost-lever,Batch size as the latency/cost lever,El batch size como palanca de latencia y costo,codex-entry,/[locale]/codex#batch-size-as-the-latency-cost-lever,,serving,"Raise the batch bound while p99 TTFT still clears your target and preemptions stay at zero. Lower it the moment the scheduler starts recomputing preempted requests, which is the vLLM V1 default mode.",look-up,1,,capacity-estimation|cost-latency-per-request|read-the-tail-not-the-mean,https://developer.nvidia.com/blog/mastering-llm-techniques-inference-optimization/,schematic:axes,,sourced,4,189,,shared-foundations,,codex,KEEP,Codex is already reference-shaped; it stays the canonical layer.,high
codex:streaming-responses,Streaming responses,Respuestas en streaming,codex-entry,/[locale]/codex#streaming-responses,,serving,"Stream whenever a human waits on the output, and whenever `max_tokens` is large enough that a single body would risk an HTTP timeout. The SDKs require streaming for large `max_tokens` for that reason.",look-up,1,,read-the-tail-not-the-mean|cost-latency-per-request,https://platform.claude.com/docs/en/build-with-claude/streaming,schematic:flow,,sourced,4,134,,shared-foundations,,codex,KEEP,Codex is already reference-shaped; it stays the canonical layer.,high
codex:owasp-llm-top-10,OWASP Top 10 for LLM Applications (2025),Top 10 de OWASP para aplicaciones LLM (2025),codex-entry,/[locale]/codex#owasp-llm-top-10,,security,"Reach for it when you scope a threat model for any system where model output can reach a tool call, a database, or another user, and give every one of the ten entries a named owner.",look-up,1,,owasp-llm-threat-model|injection-basics,https://genai.owasp.org/llm-top-10/,schematic:stack,,sourced,4,135,,shared-foundations,,codex,KEEP,Codex is already reference-shaped; it stays the canonical layer.,high
codex:direct-prompt-injection,Direct prompt injection,Inyección directa de prompt,codex-entry,/[locale]/codex#direct-prompt-injection,,security,"Assume it whenever an untrusted person can reach the prompt field and that same session holds something they should not have: another tenant's rows, the system prompt text, or a tool credential.",look-up,1,,injection-basics|owasp-llm-threat-model,https://genai.owasp.org/llmrisk/llm01-prompt-injection/,schematic:flow,,sourced,3,128,,shared-foundations,,codex,KEEP,Codex is already reference-shaped; it stays the canonical layer.,high
codex:indirect-prompt-injection,Indirect prompt injection,Inyección indirecta de prompt,codex-entry,/[locale]/codex#indirect-prompt-injection,,security,"Assume it the moment a retrieved chunk, a fetched page, or a tool result the user did not author enters a context that can also call a tool with a side effect.",look-up,1,direct-prompt-injection,injection-basics|rag-as-system|tools-function-calling,https://arxiv.org/html/2406.13352v3,schematic:flow,,sourced,4,142,,shared-foundations,,codex,KEEP,Codex is already reference-shaped; it stays the canonical layer.,high
codex:injection-not-solvable-by-prompting,Why prompt injection resists prompt-level defense,Por qué la inyección de prompt resiste las defensas a nivel de prompt,codex-entry,/[locale]/codex#injection-not-solvable-by-prompting,,security,"Bring this out when someone proposes to close an injection finding by editing the system prompt, or when a red-team report shows 0% attack success against a fixed file of attack strings.",look-up,1,indirect-prompt-injection,ai-architecture-guardrails|security-program-adversarial|iam-least-privilege-mechanics,https://arxiv.org/abs/2505.14534,schematic:compare,,sourced,4,163,,shared-foundations,,codex,KEEP,Codex is already reference-shaped; it stays the canonical layer.,high
codex:lethal-trifecta,The lethal trifecta,La tríada letal,codex-entry,/[locale]/codex#lethal-trifecta,,security,"Run the three-way check on every agent configuration before it ships: list the tools that read private data, the tools that ingest text an outsider can write, and the tools that emit bytes to a destination an outsider picks.",look-up,1,indirect-prompt-injection,injection-basics|owasp-llm-threat-model|mcp-integration,https://simonwillison.net/2025/Jun/16/the-lethal-trifecta/,schematic:stack,,sourced,4,149,,shared-foundations,,codex,KEEP,Codex is already reference-shaped; it stays the canonical layer.,high
codex:exfiltration-channels,Exfiltration channels,Canales de exfiltración,codex-entry,/[locale]/codex#exfiltration-channels,,security,"Enumerate the channels before shipping any surface that renders model output: markdown images, autolinked URLs, reference-style link definitions, link unfurling, iframes, and every tool that performs a write or a send.",look-up,1,lethal-trifecta,injection-basics|ai-architecture-guardrails|security-program-adversarial,https://simonwillison.net/tags/exfiltration-attacks/,schematic:compare,,sourced,4,147,,shared-foundations,,codex,KEEP,Codex is already reference-shaped; it stays the canonical layer.,high
codex:output-side-validation,Output-side validation,Validación del lado de la salida,codex-entry,/[locale]/codex#output-side-validation,,security,"Whenever model output reaches something that interprets it: a browser DOM, a shell, a SQL driver, an email template, or a downstream extension holding privileges above the end user's.",look-up,1,indirect-prompt-injection,owasp-llm-threat-model|tools-function-calling|ai-architecture-guardrails,https://genai.owasp.org/llmrisk/llm052025-improper-output-handling/,schematic:stack,,sourced,3,149,,shared-foundations,,codex,KEEP,Codex is already reference-shaped; it stays the canonical layer.,high
codex:agent-sandboxing-least-privilege,Agent sandboxing and least-privilege tool permissions,Sandboxing de agentes y permisos de herramientas con privilegio mínimo,codex-entry,/[locale]/codex#agent-sandboxing-least-privilege,,security,"When the agent runs code you did not read line by line, and you can name the directories and the domain list the task genuinely needs. If you cannot name them, you are not ready to auto-allow anything.",look-up,1,lethal-trifecta,iam-least-privilege-mechanics|guardrails-over-gatekeeping|agency-spectrum,https://code.claude.com/docs/en/sandboxing,schematic:compare,,sourced,4,178,,shared-foundations,,codex,KEEP,Codex is already reference-shaped; it stays the canonical layer.,high
codex:human-in-the-loop-placement,Where the human belongs in the loop,Dónde va el humano en el ciclo,codex-entry,/[locale]/codex#human-in-the-loop-placement,,security,"Put the gate on the last step that crosses a trust boundary, where the reviewer can still see the payload: the outbound send, the write to a shared system, the merge. Read-only steps do not earn a prompt.",look-up,1,lethal-trifecta,mcp-integration|agency-spectrum|ai-observability,https://modelcontextprotocol.io/specification/2025-06-18/server/tools,schematic:flow,,sourced,3,151,,shared-foundations,,codex,KEEP,Codex is already reference-shaped; it stays the canonical layer.,high
codex:prompt-rag-finetune-distill-rule,"The prompt, RAG, fine-tune, distill decision rule","La regla de decisión entre prompt, RAG, fine-tuning y destilación",codex-entry,/[locale]/codex#prompt-rag-finetune-distill-rule,,model-strategy,You have 20 or more labeled failures and can sort each one into 'the answer was never in the context' versus 'the context was right there and the output was still wrong'.,look-up,1,,finetune-vs-prompt|eval-driven-dev|build-buy-model-strategy,https://developers.openai.com/api/docs/guides/optimizing-llm-accuracy,schematic:axes,,sourced,4,171,,shared-foundations,,codex,KEEP,Codex is already reference-shaped; it stays the canonical layer.,high
codex:lora,LoRA (low-rank adaptation),LoRA (adaptación de rango bajo),codex-entry,/[locale]/codex#lora,,model-strategy,"You need several task-specific variants of one base model, and paying full checkpoint size per variant does not fit your storage or your swap latency.",look-up,1,prompt-rag-finetune-distill-rule,finetune-vs-prompt|compute-selection-as-a-tradeoff,https://ar5iv.labs.arxiv.org/html/2106.09685,schematic:compare,,sourced,4,152,,shared-foundations,,codex,KEEP,Codex is already reference-shaped; it stays the canonical layer.,high
codex:qlora,QLoRA (4-bit quantized LoRA),QLoRA (LoRA sobre un base cuantizado a 4 bits),codex-entry,/[locale]/codex#qlora,,model-strategy,The model you want to adapt does not fit your GPUs at 16 bits: a 65B model needs over 780GB for regular fine-tuning and under 48GB with QLoRA.,look-up,1,lora,compute-selection-as-a-tradeoff|unit-economics-at-scale,https://ar5iv.labs.arxiv.org/html/2305.14314,schematic:stack,,sourced,4,151,,shared-foundations,,codex,KEEP,Codex is already reference-shaped; it stays the canonical layer.,high
codex:full-fine-tuning,Full fine-tuning,Fine-tuning completo,codex-entry,/[locale]/codex#full-fine-tuning,,model-strategy,"Continued pretraining on 10B or more tokens of a domain the base model barely saw, and only after a rank-256 adapter has been swept and still trails on your eval.",look-up,1,prompt-rag-finetune-distill-rule,finetune-vs-prompt|data-curation-finetuning-evals,https://arxiv.org/html/2405.09673v2,schematic:compare,,sourced,4,162,,shared-foundations,,codex,KEEP,Codex is already reference-shaped; it stays the canonical layer.,high
codex:preference-tuning-dpo,Preference tuning with DPO,Ajuste por preferencias con DPO,codex-entry,/[locale]/codex#preference-tuning-dpo,,model-strategy,"You already have thousands of pairwise judgements on your own traffic, and supervised fine-tuning plateaued on a preference nobody can write down as a single target answer, such as tone or refusal style.",look-up,1,finetuning-dataset-curation,finetune-vs-prompt|data-curation-finetuning-evals,https://arxiv.org/html/2305.18290v3,schematic:compare,,sourced,4,156,,shared-foundations,,codex,KEEP,Codex is already reference-shaped; it stays the canonical layer.,high
codex:finetuning-dataset-curation,Curating the fine-tune and eval sets,Curar los conjuntos de fine-tune y de evaluación,codex-entry,/[locale]/codex#finetuning-dataset-curation,,model-strategy,"You can name the failing cases out loud, and you have fewer than 50 labelled examples of each one, so the next hour of work is collecting them rather than changing the model.",look-up,1,,data-curation-finetuning-evals|eval-first-mindset,https://developers.openai.com/api/docs/guides/supervised-fine-tuning,schematic:flow,,sourced,4,140,,shared-foundations,,codex,KEEP,Codex is already reference-shaped; it stays the canonical layer.,high
codex:model-tier-routing,Routing between model tiers,Enrutar entre niveles de modelo,codex-entry,/[locale]/codex#model-tier-routing,,model-strategy,"Two tiers you would actually deploy differ by more than an order of magnitude in price, and you can measure a quality gap between them on your own set. The paper's pair was Mixtral 8x7B at about $0.24 against gpt-4-1106-preview at about $24.7 per million tokens.",look-up,1,,cost-latency-per-request|unit-economics-at-scale,https://arxiv.org/html/2406.18665v4,schematic:axes,,sourced,4,165,,shared-foundations,,codex,KEEP,Codex is already reference-shaped; it stays the canonical layer.,high
codex:build-buy-open-weights,"Build, buy, open or closed","Construir, comprar, abierto o cerrado",codex-entry,/[locale]/codex#build-buy-open-weights,,model-strategy,"Your traffic is high and steady enough that reserved hours beat per-token billing, or a data-residency or latency requirement rules the hosted endpoint out before cost is even discussed.",look-up,1,,build-buy-model-strategy|commitment-based-discounts,https://aws.amazon.com/bedrock/pricing/,schematic:compare,,sourced,4,150,,shared-foundations,,codex,KEEP,Codex is already reference-shaped; it stays the canonical layer.,high
codex:cost-per-resolved-task,Cost per resolved task,Costo por tarea resuelta,codex-entry,/[locale]/codex#cost-per-resolved-task,,model-strategy,"The system can retry. Any loop with a verifier, a judge, or a tool-calling agent, where the per-request price understates spend because failed attempts bill exactly like successful ones.",look-up,1,,unit-economics-at-scale|cost-latency-per-request,https://hal.cs.princeton.edu/,schematic:compare,,sourced,4,142,,shared-foundations,,codex,KEEP,Codex is already reference-shaped; it stays the canonical layer.,high
architecture:bedrock-agent-guarded-action-surface,Single tool-calling agent with a declared action surface,Agente único con llamada a herramientas y superficie de acciones declarada,reference-architecture,/[locale]/codex#arch-bedrock-agent-guarded-action-surface,,aws,"You have one domain and a handful of operations, each describable by an OpenAPI schema or a function detail schema that names the parameters to elicit.",read,1,,,https://docs.aws.amazon.com/bedrock/latest/userguide/agents-how.html,schematic:flow,,sourced,7,24,,shared-foundations,,architecture,KEEP,Vendor-sourced reference shape; needs the §38.3 view split when promoted.,high
architecture:magentic-manager-worker-orchestration,Magentic orchestrator with worker agents and a task ledger,Orquestador magentic con agentes trabajadores y un registro de tareas,reference-architecture,/[locale]/codex#arch-magentic-manager-worker-orchestration,,azure,"Reach for it when a single agent cannot cover the task because of prompt complexity, tool overload or per-agent security boundaries, and a human needs to review the plan before or after it runs.",read,1,,,https://learn.microsoft.com/en-us/azure/architecture/ai-ml/guide/ai-agent-design-patterns,schematic:flow,,sourced,8,25,,shared-foundations,,architecture,KEEP,Vendor-sourced reference shape; needs the §38.3 view split when promoted.,high
architecture:mcp-host-client-server-topology,"MCP host, client and server topology","Topología de host, client y server en MCP",reference-architecture,/[locale]/codex#arch-mcp-host-client-server-topology,,anthropic,"Use it when the same host has to speak to several context providers at once, some running locally over stdio and some remote over Streamable HTTP.",read,1,,,https://modelcontextprotocol.io/docs/learn/architecture,schematic:flow,,sourced,8,23,,shared-foundations,,architecture,KEEP,Vendor-sourced reference shape; needs the §38.3 view split when promoted.,high
architecture:continuous-eval-plane-around-live-agent,Continuous evaluation plane around a live agent (Microsoft Foundry),Plano de evaluación continua alrededor de un agente en producción (Microsoft Foundry),reference-architecture,/[locale]/codex#arch-continuous-eval-plane-around-live-agent,,azure,"Reach for it when the agent already serves live traffic and you need scored samples of real responses, not only a pre-deployment test set.",read,1,,,https://learn.microsoft.com/en-us/azure/ai-foundry/observability/how-to/how-to-monitor-agents-dashboard,schematic:flow,,sourced,8,17,,shared-foundations,,architecture,KEEP,Vendor-sourced reference shape; needs the §38.3 view split when promoted.,high
architecture:lora-finetune-train-and-serve-pipeline,LoRA fine-tune training and serving pipeline (Azure OpenAI),Pipeline de entrenamiento y servicio con fine-tuning LoRA (Azure OpenAI),reference-architecture,/[locale]/codex#arch-lora-finetune-train-and-serve-pipeline,,azure,Reach for it once you have at least 10 well-formed training examples and prompt engineering has stopped improving the metric you care about.,read,1,,,https://learn.microsoft.com/en-us/azure/ai-foundry/openai/how-to/fine-tuning,schematic:flow,,sourced,9,26,,shared-foundations,,architecture,KEEP,Vendor-sourced reference shape; needs the §38.3 view split when promoted.,high
architecture:canary-endpoint-release-with-auto-rollback,Canary endpoint release with alarm-driven auto-rollback (SageMaker deployment guardrails),Release de endpoint por canary con reversión automática por alarmas (guardrails de despliegue de SageMaker),reference-architecture,/[locale]/codex#arch-canary-endpoint-release-with-auto-rollback,,aws,Reach for it when a real-time or asynchronous endpoint is already taking production traffic and you want the new fleet judged on live requests before it owns them all.,read,1,,,https://docs.aws.amazon.com/sagemaker/latest/dg/deployment-guardrails-blue-green-canary.html,schematic:flow,,sourced,9,21,,shared-foundations,,architecture,KEEP,Vendor-sourced reference shape; needs the §38.3 view split when promoted.,high
architecture:llm-gateway-quota-routing-audit,"LLM gateway with quotas, routing and audit","Gateway de LLM con cuotas, enrutamiento y auditoría",reference-architecture,/[locale]/codex#arch-llm-gateway-quota-routing-audit,,azure,"Several clients or teams share limited model capacity across multiple resources or regions, and you owe someone a per-client cost attribution plus faster visibility than Azure Monitor default metrics give.",read,1,,,https://learn.microsoft.com/en-us/azure/architecture/ai-ml/guide/azure-openai-gateway-guide,schematic:flow,,sourced,9,29,,shared-foundations,,architecture,KEEP,Vendor-sourced reference shape; needs the §38.3 view split when promoted.,high
architecture:multitenant-model-platform-isolation,Multitenant model platform with per-tenant isolation,Plataforma de modelos multitenant con aislamiento por tenant,reference-architecture,/[locale]/codex#arch-multitenant-model-platform-isolation,,azure,"You run a shared application tier for many tenants and a subset of them demand their own quota, their own content filtering policy, a fine-tuned model or a specific data residency.",read,1,,,https://learn.microsoft.com/en-us/azure/architecture/guide/multitenant/service/openai,schematic:flow,,sourced,9,30,,shared-foundations,,architecture,KEEP,Vendor-sourced reference shape; needs the §38.3 view split when promoted.,high
architecture:guardrail-pipeline-input-output-paths,Guardrail pipeline on the input and output paths,Pipeline de guardrails en las rutas de entrada y de salida,reference-architecture,/[locale]/codex#arch-guardrail-pipeline-input-output-paths,,aws,"You need the same policy applied consistently across several foundation models, or you need to evaluate content with no model call at all through the ApplyGuardrail API.",read,1,,,https://docs.aws.amazon.com/bedrock/latest/userguide/guardrails-how.html,schematic:flow,,sourced,8,32,,shared-foundations,,architecture,KEEP,Vendor-sourced reference shape; needs the §38.3 view split when promoted.,high
architecture:minimal-managed-rag,Minimal managed RAG (Amazon Bedrock Knowledge Bases),RAG gestionado mínimo (Amazon Bedrock Knowledge Bases),reference-architecture,/[locale]/codex#arch-minimal-managed-rag,,aws,"You want the whole RAG workflow, from ingestion to retrieval and prompt augmentation, without writing custom integrations to your data sources, and one of the supported vector stores fits your constraints.",read,1,,,https://docs.aws.amazon.com/prescriptive-guidance/latest/retrieval-augmented-generation-options/rag-fully-managed-bedrock.html,schematic:flow,,sourced,7,25,,shared-foundations,,architecture,KEEP,Vendor-sourced reference shape; needs the §38.3 view split when promoted.,high
architecture:production-rag-hybrid-rerank-eval,"Production RAG with hybrid retrieval, reranking and a retrieval eval loop","RAG de producción con recuperación híbrida, reranking y ciclo de evaluación",reference-architecture,/[locale]/codex#arch-production-rag-hybrid-rerank-eval,,azure,"You ran hybrid or multiple searches, or you deliberately retrieved a large candidate set such as top 50 instead of top 10, and answer quality matters more to you than the extra latency.",read,1,,,https://learn.microsoft.com/en-us/azure/architecture/ai-ml/guide/rag/rag-information-retrieval,schematic:flow,,sourced,11,29,,shared-foundations,,architecture,KEEP,Vendor-sourced reference shape; needs the §38.3 view split when promoted.,high
architecture:agentic-retrieval-multi-query,Agentic retrieval: LLM query planning over a knowledge base,Recuperación agéntica: planificación de consultas con LLM sobre una knowledge base,reference-architecture,/[locale]/codex#arch-agentic-retrieval-multi-query,,azure,"Reach for it when questions carry multiple asks, depend on earlier turns of the conversation, or arrive with spelling mistakes that a single vector query would miss.",read,1,,,https://learn.microsoft.com/en-us/azure/search/agentic-retrieval-overview,schematic:flow,,sourced,8,28,,shared-foundations,,architecture,KEEP,Vendor-sourced reference shape; needs the §38.3 view split when promoted.,high
architecture:event-driven-rag-ingestion-pipeline,Event-driven RAG ingestion: object storage to pgvector,Ingesta RAG por eventos: del almacenamiento de objetos a pgvector,reference-architecture,/[locale]/codex#arch-event-driven-rag-ingestion-pipeline,,gcp,Use it when new files land continuously in a bucket and you want indexing to happen per upload rather than in a nightly batch job.,read,1,,,https://docs.cloud.google.com/architecture/rag-capable-gen-ai-app-using-vertex-ai,schematic:flow,,sourced,7,27,,shared-foundations,,architecture,KEEP,Vendor-sourced reference shape; needs the §38.3 view split when promoted.,high
architecture:graphrag-community-hierarchy,GraphRAG: knowledge graph with community summaries,GraphRAG: grafo de conocimiento con resúmenes de comunidades,reference-architecture,/[locale]/codex#arch-graphrag-community-hierarchy,,other,"Reach for it when questions ask about themes across the entire corpus, or need facts linked by a shared attribute that no single chunk contains, over private data the model never saw in training.",read,1,,,https://microsoft.github.io/graphrag/index/methods/,schematic:flow,,sourced,8,26,,shared-foundations,,architecture,KEEP,Vendor-sourced reference shape; needs the §38.3 view split when promoted.,high
checkpoint:chk-technical-depth-l3,technical-depth L3 checkpoint,Checkpoint technical-depth L3,checkpoint,/[locale]/checkpoint/chk-technical-depth-l3,L3,technical-depth,Demonstrate the level's judgment before ascending,graded-decision,8,big-o-as-tradeoff|data-structure-selection|memory-model-basics|acid-transactions,,,,,sourced-via-concepts,4,162,,shared-foundations,F1,capability-checkpoint,REWRITE,"Keep the id and the item bank; add a diagnose/design/transfer stage so the gate measures a bundle, not recall of one level.",high
checkpoint:chk-technical-depth-l4,technical-depth L4 checkpoint,Checkpoint technical-depth L4,checkpoint,/[locale]/checkpoint/chk-technical-depth-l4,L4,technical-depth,Demonstrate the level's judgment before ascending,graded-decision,12,concurrency-and-races|indexing-tradeoffs|isolation-levels|network-latency-throughput|caching-strategies|performance-engineering-methodology-capacity-planning,,,,,sourced-via-concepts,6,242,,shared-foundations,F1,capability-checkpoint,REWRITE,"Keep the id and the item bank; add a diagnose/design/transfer stage so the gate measures a bundle, not recall of one level.",high
checkpoint:chk-technical-depth-l5,technical-depth L5 checkpoint,Checkpoint technical-depth L5,checkpoint,/[locale]/checkpoint/chk-technical-depth-l5,L5,technical-depth,Demonstrate the level's judgment before ascending,graded-decision,16,durability-and-crash-recovery|storage-engines-lsm-vs-btree|replication-models|partitioning-sharding|cap-theorem|linearizability-vs-eventual|stream-processing-derived-data-systems|security-engineering-threat-modeling-authn,,,,,sourced-via-concepts,8,272,,shared-foundations,F2,capability-checkpoint,REWRITE,"Keep the id and the item bank; add a diagnose/design/transfer stage so the gate measures a bundle, not recall of one level.",high
checkpoint:chk-technical-depth-l6,technical-depth L6 checkpoint,Checkpoint technical-depth L6,checkpoint,/[locale]/checkpoint/chk-technical-depth-l6,L6,technical-depth,Demonstrate the level's judgment before ascending,graded-decision,12,pacelc-tradeoffs|consistency-model-spectrum|delivery-semantics-idempotency|consensus-and-atomic-commit|backpressure-flow-control|distributed-failure-modes,,,,,sourced-via-concepts,6,230,,shared-foundations,F3,capability-checkpoint,REWRITE,"Keep the id and the item bank; add a diagnose/design/transfer stage so the gate measures a bundle, not recall of one level.",high
checkpoint:chk-technical-depth-l7,technical-depth L7 checkpoint,Checkpoint technical-depth L7,checkpoint,/[locale]/checkpoint/chk-technical-depth-l7,L7,technical-depth,Demonstrate the level's judgment before ascending,graded-decision,8,consistency-as-org-constraint|evolvability-and-data-architecture|correctness-under-partial-failure|tradeoff-frameworks-org-scale,,,,,sourced-via-concepts,4,185,,shared-foundations,F3,capability-checkpoint,REWRITE,"Keep the id and the item bank; add a diagnose/design/transfer stage so the gate measures a bundle, not recall of one level.",high
checkpoint:chk-systems-architecture-l3,systems-architecture L3 checkpoint,Checkpoint systems-architecture L3,checkpoint,/[locale]/checkpoint/chk-systems-architecture-l3,L3,systems-architecture,Demonstrate the level's judgment before ascending,graded-decision,10,tradeoff-vocabulary|horizontal-vs-vertical-scaling|caching-fundamentals-and-costs|rest-resource-modeling|capacity-estimation,,,,,sourced-via-concepts,5,180,,shared-foundations,F1,capability-checkpoint,REWRITE,"Keep the id and the item bank; add a diagnose/design/transfer stage so the gate measures a bundle, not recall of one level.",high
checkpoint:chk-systems-architecture-l4,systems-architecture L4 checkpoint,Checkpoint systems-architecture L4,checkpoint,/[locale]/checkpoint/chk-systems-architecture-l4,L4,systems-architecture,Demonstrate the level's judgment before ascending,graded-decision,10,cap-and-consistency-patterns|datastore-selection|replication-and-sharding-tradeoffs|api-contract-and-idempotency|async-messaging-when-to-queue,,,,,sourced-via-concepts,5,202,,shared-foundations,F1,capability-checkpoint,REWRITE,"Keep the id and the item bank; add a diagnose/design/transfer stage so the gate measures a bundle, not recall of one level.",high
checkpoint:chk-systems-architecture-l5,systems-architecture L5 checkpoint,Checkpoint systems-architecture L5,checkpoint,/[locale]/checkpoint/chk-systems-architecture-l5,L5,systems-architecture,Demonstrate the level's judgment before ascending,graded-decision,10,monolith-first-microservice-premium|bounded-contexts-as-decomposition-unit|reversible-vs-irreversible-decisions-adr|event-driven-architecture-tradeoffs|cqrs-when-it-helps-and-hurts,,,,,sourced-via-concepts,5,166,,shared-foundations,F2,capability-checkpoint,REWRITE,"Keep the id and the item bank; add a diagnose/design/transfer stage so the gate measures a bundle, not recall of one level.",high
checkpoint:chk-systems-architecture-l6,systems-architecture L6 checkpoint,Checkpoint systems-architecture L6,checkpoint,/[locale]/checkpoint/chk-systems-architecture-l6,L6,systems-architecture,Demonstrate the level's judgment before ascending,graded-decision,12,distributed-data-sagas-outbox|designing-for-failure-resilience|observability-for-distributed-systems|sacrificial-architecture-evolvability|leading-architecture-review|fitness-functions-evolutionary-architecture,,,,,sourced-via-concepts,6,198,,shared-foundations,F3,capability-checkpoint,REWRITE,"Keep the id and the item bank; add a diagnose/design/transfer stage so the gate measures a bundle, not recall of one level.",high
checkpoint:chk-systems-architecture-l7,systems-architecture L7 checkpoint,Checkpoint systems-architecture L7,checkpoint,/[locale]/checkpoint/chk-systems-architecture-l7,L7,systems-architecture,Demonstrate the level's judgment before ascending,graded-decision,10,architecture-as-engineering-strategy|conways-law-sociotechnical-design|managing-technical-quality-at-scale|platform-and-paved-roads|driving-irreversible-bets-with-consensus,,,,,sourced-via-concepts,5,139,,shared-foundations,F3,capability-checkpoint,REWRITE,"Keep the id and the item bank; add a diagnose/design/transfer stage so the gate measures a bundle, not recall of one level.",high
checkpoint:chk-execution-delivery-l3,execution-delivery L3 checkpoint,Checkpoint execution-delivery L3,checkpoint,/[locale]/checkpoint/chk-execution-delivery-l3,L3,execution-delivery,Demonstrate the level's judgment before ascending,graded-decision,10,test-pyramid-placement|green-trunk-ci-hygiene|code-review-as-reader|sli-vs-slo-vs-sla|read-the-tail-not-the-mean,,,,,sourced-via-concepts,5,171,,staff-engineer,S1,capability-checkpoint,REWRITE,"Keep the id and the item bank; add a diagnose/design/transfer stage so the gate measures a bundle, not recall of one level.",high
checkpoint:chk-execution-delivery-l4,execution-delivery L4 checkpoint,Checkpoint execution-delivery L4,checkpoint,/[locale]/checkpoint/chk-execution-delivery-l4,L4,execution-delivery,Demonstrate the level's judgment before ascending,graded-decision,14,test-strategy-for-a-feature|decouple-deploy-from-release|progressive-rollout|golden-signals-and-symptom-alerting|code-review-as-design-feedback|user-journey-slis|oncall-and-runbooks,,,,,sourced-via-concepts,7,271,,staff-engineer,S2,capability-checkpoint,REWRITE,"Keep the id and the item bank; add a diagnose/design/transfer stage so the gate measures a bundle, not recall of one level.",high
checkpoint:chk-execution-delivery-l5,execution-delivery L5 checkpoint,Checkpoint execution-delivery L5,checkpoint,/[locale]/checkpoint/chk-execution-delivery-l5,L5,execution-delivery,Demonstrate the level's judgment before ascending,graded-decision,14,error-budget-loop|dora-as-team-signal|incident-command|blameless-postmortem|observability-high-cardinality|execution-leadership-driving-large-ambiguous|chaos-resilience-engineering-fault-injection,,,,,sourced-via-concepts,7,245,,staff-engineer,S3,capability-checkpoint,REWRITE,"Keep the id and the item bank; add a diagnose/design/transfer stage so the gate measures a bundle, not recall of one level.",high
checkpoint:chk-execution-delivery-l6,execution-delivery L6 checkpoint,Checkpoint execution-delivery L6,checkpoint,/[locale]/checkpoint/chk-execution-delivery-l6,L6,execution-delivery,Demonstrate the level's judgment before ascending,graded-decision,12,paved-road-cd-platform|error-budget-policy-as-contract|toil-reduction-program|testing-and-review-standards-org|leading-large-scale-migrations-system,,,,,sourced-via-concepts,6,199,,staff-engineer,S4,capability-checkpoint,REWRITE,"Keep the id and the item bank; add a diagnose/design/transfer stage so the gate measures a bundle, not recall of one level.",high
checkpoint:chk-execution-delivery-l7,execution-delivery L7 checkpoint,Checkpoint execution-delivery L7,checkpoint,/[locale]/checkpoint/chk-execution-delivery-l7,L7,execution-delivery,Demonstrate the level's judgment before ascending,graded-decision,8,reliability-as-business-risk|delivery-metrics-without-goodhart|socio-technical-ownership-culture|delivery-strategy-alignment,,,,,sourced-via-concepts,4,158,,staff-engineer,S5,capability-checkpoint,REWRITE,"Keep the id and the item bank; add a diagnose/design/transfer stage so the gate measures a bundle, not recall of one level.",high
checkpoint:chk-direction-influence-l3,direction-influence L3 checkpoint,Checkpoint direction-influence L3,checkpoint,/[locale]/checkpoint/chk-direction-influence-l3,L3,direction-influence,Demonstrate the level's judgment before ascending,graded-decision,10,code-review-communication|writing-change-rationale|reading-design-docs|giving-receiving-feedback,,,,,sourced-via-concepts,5,133,,staff-engineer,S1,capability-checkpoint,REWRITE,"Keep the id and the item bank; add a diagnose/design/transfer stage so the gate measures a bundle, not recall of one level.",high
checkpoint:chk-direction-influence-l4,direction-influence L4 checkpoint,Checkpoint direction-influence L4,checkpoint,/[locale]/checkpoint/chk-direction-influence-l4,L4,direction-influence,Demonstrate the level's judgment before ascending,graded-decision,10,authoring-design-docs|alternatives-and-tradeoffs|structured-writing-scqa|team-alignment|disagree-and-commit,,,,,sourced-via-concepts,5,211,,staff-engineer,S2,capability-checkpoint,REWRITE,"Keep the id and the item bank; add a diagnose/design/transfer stage so the gate measures a bundle, not recall of one level.",high
checkpoint:chk-direction-influence-l5,direction-influence L5 checkpoint,Checkpoint direction-influence L5,checkpoint,/[locale]/checkpoint/chk-direction-influence-l5,L5,direction-influence,Demonstrate the level's judgment before ascending,graded-decision,12,stakeholder-mapping|influence-without-authority|technical-strategy-drafting|nemawashi-prealignment|landing-staff-projects|decision-rights-and-decision-quality,,,,,sourced-via-concepts,6,194,,staff-engineer,S3,capability-checkpoint,REWRITE,"Keep the id and the item bank; add a diagnose/design/transfer stage so the gate measures a bundle, not recall of one level.",high
checkpoint:chk-direction-influence-l6,direction-influence L6 checkpoint,Checkpoint direction-influence L6,checkpoint,/[locale]/checkpoint/chk-direction-influence-l6,L6,direction-influence,Demonstrate the level's judgment before ascending,graded-decision,10,strategy-diagnosis-policy-action|guiding-policies-with-tradeoffs|driving-quality-at-scale|executive-communication|navigating-dissent-decisions,,,,,sourced-via-concepts,5,146,,staff-engineer,S4,capability-checkpoint,REWRITE,"Keep the id and the item bank; add a diagnose/design/transfer stage so the gate measures a bundle, not recall of one level.",high
checkpoint:chk-direction-influence-l7,direction-influence L7 checkpoint,Checkpoint direction-influence L7,checkpoint,/[locale]/checkpoint/chk-direction-influence-l7,L7,direction-influence,Demonstrate the level's judgment before ascending,graded-decision,10,multi-year-technical-vision|org-wide-strategy-rollout|scaling-influence-through-others|borrowed-authority-alignment|shaping-technical-bets,,,,,sourced-via-concepts,5,106,,staff-engineer,S5,capability-checkpoint,REWRITE,"Keep the id and the item bank; add a diagnose/design/transfer stage so the gate measures a bundle, not recall of one level.",high
checkpoint:chk-leveling-scope-l3,leveling-scope L3 checkpoint,Checkpoint leveling-scope L3,checkpoint,/[locale]/checkpoint/chk-leveling-scope-l3,L3,leveling-scope,Demonstrate the level's judgment before ascending,graded-decision,8,giving-direct-kind-feedback|mentoring-a-newcomer|recognizing-glue-work|review-as-leveling,,,,,sourced-via-concepts,4,143,,staff-engineer,S1,capability-checkpoint,REWRITE,"Keep the id and the item bank; add a diagnose/design/transfer stage so the gate measures a bundle, not recall of one level.",high
checkpoint:chk-leveling-scope-l4,leveling-scope L4 checkpoint,Checkpoint leveling-scope L4,checkpoint,/[locale]/checkpoint/chk-leveling-scope-l4,L4,leveling-scope,Demonstrate the level's judgment before ascending,graded-decision,8,tech-lead-is-a-role-not-a-promotion|delegation-over-doing-it-yourself|mentorship-vs-sponsorship|protecting-your-technical-core,,,,,sourced-via-concepts,4,158,,staff-engineer,S2,capability-checkpoint,REWRITE,"Keep the id and the item bank; add a diagnose/design/transfer stage so the gate measures a bundle, not recall of one level.",high
checkpoint:chk-leveling-scope-l5,leveling-scope L5 checkpoint,Checkpoint leveling-scope L5,checkpoint,/[locale]/checkpoint/chk-leveling-scope-l5,L5,leveling-scope,Demonstrate the level's judgment before ascending,graded-decision,10,glue-work-with-eyes-open|sponsoring-others|work-on-what-matters|scope-selection-opportunity-currents|defining-and-managing-your-own,,,,,sourced-via-concepts,5,234,,staff-engineer,S3,capability-checkpoint,REWRITE,"Keep the id and the item bank; add a diagnose/design/transfer stage so the gate measures a bundle, not recall of one level.",high
checkpoint:chk-leveling-scope-l6,leveling-scope L6 checkpoint,Checkpoint leveling-scope L6,checkpoint,/[locale]/checkpoint/chk-leveling-scope-l6,L6,leveling-scope,Demonstrate the level's judgment before ascending,graded-decision,8,choosing-your-staff-archetype|growing-others-as-your-legacy|finishing-things-by-lending-privilege|building-a-peer-network,,,,,sourced-via-concepts,4,178,,staff-engineer,S4,capability-checkpoint,REWRITE,"Keep the id and the item bank; add a diagnose/design/transfer stage so the gate measures a bundle, not recall of one level.",high
checkpoint:chk-leveling-scope-l7,leveling-scope L7 checkpoint,Checkpoint leveling-scope L7,checkpoint,/[locale]/checkpoint/chk-leveling-scope-l7,L7,leveling-scope,Demonstrate the level's judgment before ascending,graded-decision,10,changing-the-system-needs-sponsorship|distributing-glue-fairly-at-org-scale|building-org-capability-and-succession|editing-the-org-with-proxied-authority,,,,,sourced-via-concepts,5,173,,staff-engineer,S5,capability-checkpoint,REWRITE,"Keep the id and the item bank; add a diagnose/design/transfer stage so the gate measures a bundle, not recall of one level.",high
checkpoint:chk-ai-engineering-l3,ai-engineering L3 checkpoint,Checkpoint ai-engineering L3,checkpoint,/[locale]/checkpoint/chk-ai-engineering-l3,L3,ai-engineering,Demonstrate the level's judgment before ascending,graded-decision,8,fm-behavior-nondeterminism|prompting-as-incontext|eval-first-mindset|injection-basics,,,,,sourced-via-concepts,4,134,,ai-architect,A1,capability-checkpoint,REWRITE,"Keep the id and the item bank; add a diagnose/design/transfer stage so the gate measures a bundle, not recall of one level.",high
checkpoint:chk-ai-engineering-l4,ai-engineering L4 checkpoint,Checkpoint ai-engineering L4,checkpoint,/[locale]/checkpoint/chk-ai-engineering-l4,L4,ai-engineering,Demonstrate the level's judgment before ascending,graded-decision,12,eval-driven-dev|rag-retrieval-quality|tools-function-calling|llm-judge|cost-latency-per-request|concrete-agent-orchestration-patterns-and,,,,,sourced-via-concepts,6,155,,ai-architect,A2,capability-checkpoint,REWRITE,"Keep the id and the item bank; add a diagnose/design/transfer stage so the gate measures a bundle, not recall of one level.",high
checkpoint:chk-ai-engineering-l5,ai-engineering L5 checkpoint,Checkpoint ai-engineering L5,checkpoint,/[locale]/checkpoint/chk-ai-engineering-l5,L5,ai-engineering,Demonstrate the level's judgment before ascending,graded-decision,12,rag-as-system|agency-spectrum|mcp-integration|owasp-llm-threat-model|finetune-vs-prompt|data-curation-finetuning-evals,,,,,sourced-via-concepts,6,273,,ai-architect,A3,capability-checkpoint,REWRITE,"Keep the id and the item bank; add a diagnose/design/transfer stage so the gate measures a bundle, not recall of one level.",high
checkpoint:chk-ai-engineering-l6,ai-engineering L6 checkpoint,Checkpoint ai-engineering L6,checkpoint,/[locale]/checkpoint/chk-ai-engineering-l6,L6,ai-engineering,Demonstrate the level's judgment before ascending,graded-decision,12,ai-observability|ai-architecture-guardrails|unit-economics-at-scale|security-program-adversarial|ai-governance-responsible-ai-program,,,,,sourced-via-concepts,6,179,,ai-architect,A4,capability-checkpoint,REWRITE,"Keep the id and the item bank; add a diagnose/design/transfer stage so the gate measures a bundle, not recall of one level.",high
checkpoint:chk-ai-engineering-l7,ai-engineering L7 checkpoint,Checkpoint ai-engineering L7,checkpoint,/[locale]/checkpoint/chk-ai-engineering-l7,L7,ai-engineering,Demonstrate the level's judgment before ascending,graded-decision,8,eval-as-org-capability|build-buy-model-strategy|ai-technical-direction,,,,,sourced-via-concepts,4,160,,ai-architect,A5,capability-checkpoint,REWRITE,"Keep the id and the item bank; add a diagnose/design/transfer stage so the gate measures a bundle, not recall of one level.",high
checkpoint:chk-cloud-platform-l3,cloud-platform L3 checkpoint,Checkpoint cloud-platform L3,checkpoint,/[locale]/checkpoint/chk-cloud-platform-l3,L3,cloud-platform,Demonstrate the level's judgment before ascending,graded-decision,10,shared-responsibility-in-practice|regions-azs-and-blast-radius|managed-service-tax|iam-least-privilege-mechanics|cloud-cost-as-a-design-signal,,,,,sourced-via-concepts,5,166,,shared-foundations,F1,capability-checkpoint,REWRITE,"Keep the id and the item bank; add a diagnose/design/transfer stage so the gate measures a bundle, not recall of one level.",high
checkpoint:chk-cloud-platform-l4,cloud-platform L4 checkpoint,Checkpoint cloud-platform L4,checkpoint,/[locale]/checkpoint/chk-cloud-platform-l4,L4,cloud-platform,Demonstrate the level's judgment before ascending,graded-decision,12,compute-selection-as-a-tradeoff|autoscaling-is-a-control-loop|cold-start-and-warm-path-economics|private-network-paths-and-egress|infrastructure-as-code-as-a-contract|commitment-based-discounts,,,,,sourced-via-concepts,6,190,,shared-foundations,F1,capability-checkpoint,REWRITE,"Keep the id and the item bank; add a diagnose/design/transfer stage so the gate measures a bundle, not recall of one level.",high
checkpoint:chk-cloud-platform-l5,cloud-platform L5 checkpoint,Checkpoint cloud-platform L5,checkpoint,/[locale]/checkpoint/chk-cloud-platform-l5,L5,cloud-platform,Demonstrate the level's judgment before ascending,graded-decision,12,cell-based-architecture|shuffle-sharding-and-poison-tenants|static-stability-and-control-plane-dependence|multi-region-honesty|managed-data-platform-choices|landing-zone-and-account-boundaries,,,,,sourced-via-concepts,6,184,,shared-foundations,F2,capability-checkpoint,REWRITE,"Keep the id and the item bank; add a diagnose/design/transfer stage so the gate measures a bundle, not recall of one level.",high
checkpoint:chk-cloud-platform-l6,cloud-platform L6 checkpoint,Checkpoint cloud-platform L6,checkpoint,/[locale]/checkpoint/chk-cloud-platform-l6,L6,cloud-platform,Demonstrate the level's judgment before ascending,graded-decision,10,guardrails-over-gatekeeping|platform-as-product-paved-roads|finops-as-engineering|verified-resilience-gamedays|cloud-security-program-at-scale,,,,,sourced-via-concepts,5,141,,shared-foundations,F3,capability-checkpoint,REWRITE,"Keep the id and the item bank; add a diagnose/design/transfer stage so the gate measures a bundle, not recall of one level.",high
checkpoint:chk-cloud-platform-l7,cloud-platform L7 checkpoint,Checkpoint cloud-platform L7,checkpoint,/[locale]/checkpoint/chk-cloud-platform-l7,L7,cloud-platform,Demonstrate the level's judgment before ascending,graded-decision,8,cloud-strategy-and-lock-in-math|capability-vs-cost-portfolio|org-wide-reliability-as-risk|migration-as-a-multi-year-program,,,,,sourced-via-concepts,4,108,,shared-foundations,F3,capability-checkpoint,REWRITE,"Keep the id and the item bank; add a diagnose/design/transfer stage so the gate measures a bundle, not recall of one level.",high
build:build-scale-read-heavy,Scale a read-heavy web tier,Escala una capa web con muchas lecturas,build-challenge,/[locale]/build#build-scale-read-heavy,,general,"Reads dominate 20:1. Assemble a tier that scales out horizontally: put stateless app servers behind a load balancer, add a cache in front of the database, and keep sessions out of the app servers.",assemble-architecture,8,horizontal-vs-vertical-scaling,horizontal-vs-vertical-scaling,,,architect-builder,graded-topology,12,34,,shared-foundations,,lab,KEEP,Already a §6.4 Architecture Assembly lab.,high
build:build-read-replicas,Offload reads with replicas,Descarga lecturas con réplicas,build-challenge,/[locale]/build#build-read-replicas,,general,"Writes go to the primary; reads can be served by replicas. Route writes to the primary and reads to a replica, and replicate primary → replica. Don't send writes to a replica.",assemble-architecture,8,replication-and-sharding-tradeoffs,replication-and-sharding-tradeoffs,,,architect-builder,graded-topology,7,32,,shared-foundations,,lab,KEEP,Already a §6.4 Architecture Assembly lab.,high
build:build-async-queue,Decouple a slow job with a queue,Desacopla un trabajo lento con una cola,build-challenge,/[locale]/build#build-async-queue,,general,"A slow task (video encode, email blast) shouldn't block the request. Put a queue between the producer API and a worker, so the API returns fast and the worker processes off the queue.",assemble-architecture,8,async-messaging-when-to-queue,async-messaging-when-to-queue,,,architect-builder,graded-topology,7,33,,shared-foundations,,lab,KEEP,Already a §6.4 Architecture Assembly lab.,high
build:build-event-driven,Fan out with events,Propaga con eventos,build-challenge,/[locale]/build#build-event-driven,,general,"One action (order placed) must trigger several independent reactions (email, inventory, analytics). Publish one event to a broker and let each consumer subscribe — don't have the order service call each one directly.",assemble-architecture,8,event-driven-architecture-tradeoffs,event-driven-architecture-tradeoffs,,,architect-builder,graded-topology,12,33,,shared-foundations,,lab,KEEP,Already a §6.4 Architecture Assembly lab.,high
build:build-rag-system,Assemble a production RAG path,Arma una ruta RAG de producción,build-challenge,/[locale]/build#build-rag-system,,ai,"Build the query path for retrieval-augmented generation: embed the query, retrieve candidates from a vector index, rerank them, then pass the top context to the LLM. The index is filled offline by a chunk-and-embed pipeline over your documents.",assemble-architecture,8,rag-as-system,rag-as-system,,,architect-builder,graded-topology,13,38,,ai-architect,,lab,KEEP,Already a §6.4 Architecture Assembly lab.,high
build:build-strangler-migration,Migrate safely with a strangler,Migra con seguridad usando un estrangulador,build-challenge,/[locale]/build#build-strangler-migration,,general,You're replacing a legacy system without a big-bang cutover. Put a routing façade in front; it sends already-migrated traffic to the new system and everything else to the legacy one. Route through the façade — never let clients call the two systems directly.,assemble-architecture,8,leading-large-scale-migrations-system,leading-large-scale-migrations-system,,,architect-builder,graded-topology,8,43,,staff-engineer,,lab,KEEP,Already a §6.4 Architecture Assembly lab.,high
resource:3blue1brown-neural-networks,Neural Networks (3Blue1Brown),Neural Networks (3Blue1Brown),reading-resource,/[locale]/resources#3blue1brown-neural-networks,L3,ai-engineering,"Builds real geometric intuition for gradients, embeddings and attention, so later reading feels like recognition rather than memorisation.",open-external,0,,fm-behavior-nondeterminism,https://www.3blue1brown.com/topics/neural-networks,,,link-verified,1,0,,ai-architect,,source,REWRITE,"Add question answered, difficulty, prerequisites, relevant section, essential/deep-dive state.",high
resource:answer-ai,Answer.AI,Answer.AI,reading-resource,/[locale]/resources#answer-ai,L5,ai-engineering,"A small R&D lab publishing practical results on doing more with less compute, a useful counterweight to scale-only thinking.",open-external,0,,,https://www.answer.ai/index.html,,,link-verified,0,0,,ai-architect,,source,REWRITE,"Add question answered, difficulty, prerequisites, relevant section, essential/deep-dive state.",high
resource:anthropic-building-effective-agents,Building Effective Agents,Building Effective Agents,reading-resource,/[locale]/resources#anthropic-building-effective-agents,L4,ai-engineering,"Names the workflow patterns — chaining, routing, orchestrator-workers, evaluator-optimiser — and argues for the simplest one that works, which kills most over-engineered agent proposals.",open-external,0,,agency-spectrum|concrete-agent-orchestration-patterns-and|tools-function-calling,https://www.anthropic.com/engineering/building-effective-agents,,,link-verified,3,0,,ai-architect,,source,REWRITE,"Add question answered, difficulty, prerequisites, relevant section, essential/deep-dive state.",high
resource:anthropic-claude-cookbooks,Anthropic Claude Cookbooks,Anthropic Claude Cookbooks,reading-resource,/[locale]/resources#anthropic-claude-cookbooks,L4,ai-engineering,"Runnable notebooks for tool use, retrieval, sub-agents and evaluation straight from the model provider, which shortens the distance between an idea and a tested prototype.",open-external,0,,prompting-as-incontext|tools-function-calling,https://github.com/anthropics/claude-cookbooks,,,link-verified,2,0,,ai-architect,,source,REWRITE,"Add question answered, difficulty, prerequisites, relevant section, essential/deep-dive state.",high
resource:anthropic-context-engineering,Effective Context Engineering for AI Agents,Effective Context Engineering for AI Agents,reading-resource,/[locale]/resources#anthropic-context-engineering,L5,ai-engineering,"Reframes the context window as a finite attention budget and gives you compaction, note-taking and sub-agents as the levers for long-horizon work.",open-external,0,,concrete-agent-orchestration-patterns-and|prompting-as-incontext,https://www.anthropic.com/engineering/effective-context-engineering-for-ai-agents,,,link-verified,2,0,,ai-architect,,source,REWRITE,"Add question answered, difficulty, prerequisites, relevant section, essential/deep-dive state.",high
resource:arize-phoenix,Arize Phoenix,Arize Phoenix,reading-resource,/[locale]/resources#arize-phoenix,L5,ai-engineering,"Local-first tracing and evaluation over OpenTelemetry, useful for inspecting agent traces span by span when a run went wrong and nobody knows why.",open-external,0,,ai-observability,https://github.com/Arize-ai/phoenix,,,link-verified,1,0,,ai-architect,,source,REWRITE,"Add question answered, difficulty, prerequisites, relevant section, essential/deep-dive state.",high
resource:attention-is-all-you-need,Attention Is All You Need,Attention Is All You Need,reading-resource,/[locale]/resources#attention-is-all-you-need,L3,ai-engineering,"The paper the whole field runs on, and reading it yourself is how you learn which of today's assumptions were design choices rather than laws.",open-external,0,,,https://arxiv.org/abs/1706.03762,,,link-verified,0,0,,ai-architect,,source,REWRITE,"Add question answered, difficulty, prerequisites, relevant section, essential/deep-dive state.",high
resource:aws-bedrock-agentcore-docs,Amazon Bedrock AgentCore — Developer Guide,Amazon Bedrock AgentCore — Developer Guide,reading-resource,/[locale]/resources#aws-bedrock-agentcore-docs,L5,ai-engineering,"Shows what a cloud vendor now considers the mandatory primitives for production agents — runtime, identity, gateway, memory, policy, observability, evaluations — which is a useful checklist even if you build it yourself.",open-external,0,,ai-architecture-guardrails|ai-observability|mcp-integration,https://docs.aws.amazon.com/bedrock-agentcore/latest/devguide/what-is-bedrock-agentcore.html,,,link-verified,3,0,,ai-architect,,source,REWRITE,"Add question answered, difficulty, prerequisites, relevant section, essential/deep-dive state.",high
resource:aws-bedrock-docs,Amazon Bedrock — Documentation Overview,Amazon Bedrock — Documentation Overview,reading-resource,/[locale]/resources#aws-bedrock-docs,L4,ai-engineering,"The authoritative reference for multi-model access, guardrails and the Converse API, which is where most enterprise AI work on AWS actually has to land.",open-external,0,,ai-architecture-guardrails,https://docs.aws.amazon.com/bedrock/latest/userguide/what-is-bedrock.html,,,link-verified,1,0,,ai-architect,,source,REWRITE,"Add question answered, difficulty, prerequisites, relevant section, essential/deep-dive state.",high
resource:berkeley-llm-agents-course,Advanced LLM Agents (Berkeley MOOC),Advanced LLM Agents (Berkeley MOOC),reading-resource,/[locale]/resources#berkeley-llm-agents-course,L5,ai-engineering,"Free lectures from the researchers defining agent reasoning, safety and benchmarks, so your agent designs cite evidence and not blog posts.",open-external,0,,,https://llmagents-learning.org/sp25,,,link-verified,0,0,,ai-architect,,source,REWRITE,"Add question answered, difficulty, prerequisites, relevant section, essential/deep-dive state.",high
resource:chip-huyen-agents,Agents,Agents,reading-resource,/[locale]/resources#chip-huyen-agents,L4,ai-engineering,"Breaks agents down into planning, tool use and failure modes with enough rigour that you can tell a real design from a demo.",open-external,0,,agency-spectrum,https://huyenchip.com/2025/01/07/agents.html,,,link-verified,1,0,,ai-architect,,source,REWRITE,"Add question answered, difficulty, prerequisites, relevant section, essential/deep-dive state.",high
resource:chip-huyen-blog,Chip Huyen — Blog,Chip Huyen — Blog,reading-resource,/[locale]/resources#chip-huyen-blog,L5,ai-engineering,"System-level writing on AI infrastructure and product from someone who has built the platforms, which is the altitude a staff engineer is expected to reason at.",open-external,0,,,https://huyenchip.com/blog/,,,link-verified,0,0,,ai-architect,,source,REWRITE,"Add question answered, difficulty, prerequisites, relevant section, essential/deep-dive state.",high
resource:chip-huyen-genai-platform,Building A Generative AI Platform,Building A Generative AI Platform,reading-resource,/[locale]/resources#chip-huyen-genai-platform,L5,ai-engineering,"Lays out the full reference architecture of a GenAI platform layer by layer, so you can see which pieces your org is missing before you propose building them.",open-external,0,,ai-architecture-guardrails|ai-observability|unit-economics-at-scale,https://huyenchip.com/2024/07/25/genai-platform.html,,,link-verified,3,0,,ai-architect,,source,REWRITE,"Add question answered, difficulty, prerequisites, relevant section, essential/deep-dive state.",high
resource:chroma-research,Chroma Research,Chroma Research,reading-resource,/[locale]/resources#chroma-research,L4,ai-engineering,"Empirical studies on chunking, context rot and retrieval evaluation that replace guesswork in your RAG design with measurements.",open-external,0,,rag-as-system|rag-retrieval-quality,https://www.trychroma.com/research,,,link-verified,2,0,,ai-architect,,source,REWRITE,"Add question answered, difficulty, prerequisites, relevant section, essential/deep-dive state.",high
resource:crewai,CrewAI,CrewAI,reading-resource,/[locale]/resources#crewai,L4,ai-engineering,A role-and-task multi-agent framework worth studying to understand both the appeal of agent teams and where that abstraction leaks.,open-external,0,,,https://github.com/crewAIInc/crewAI,,,link-verified,0,0,,ai-architect,,source,REWRITE,"Add question answered, difficulty, prerequisites, relevant section, essential/deep-dive state.",high
resource:deepeval,DeepEval,DeepEval,reading-resource,/[locale]/resources#deepeval,L4,ai-engineering,"Puts LLM evaluation into a pytest-shaped harness, which is how evals stop being a notebook ritual and start blocking bad releases in CI.",open-external,0,,eval-driven-dev|llm-judge|test-strategy-for-a-feature,https://github.com/confident-ai/deepeval,,,link-verified,3,0,,ai-architect,,source,REWRITE,"Add question answered, difficulty, prerequisites, relevant section, essential/deep-dive state.",high
resource:deeplearning-ai-courses,DeepLearning.AI Short Courses,DeepLearning.AI Short Courses,reading-resource,/[locale]/resources#deeplearning-ai-courses,L3,ai-engineering,A large catalogue of one-hour vendor-built courses that is the fastest way to get working familiarity with a tool you must evaluate this week.,open-external,0,,,https://www.deeplearning.ai/courses/,,,link-verified,0,0,,ai-architect,,source,REWRITE,"Add question answered, difficulty, prerequisites, relevant section, essential/deep-dive state.",high
resource:dspy,DSPy,DSPy,reading-resource,/[locale]/resources#dspy,L5,ai-engineering,"Reframes prompting as a compiled, optimisable program against a metric, which is the strongest available cure for hand-tuned prompt sprawl.",open-external,0,,eval-first-mindset|prompting-as-incontext,https://github.com/stanfordnlp/dspy,,,link-verified,2,0,,ai-architect,,source,REWRITE,"Add question answered, difficulty, prerequisites, relevant section, essential/deep-dive state.",high
resource:eu-ai-act-timeline,EU AI Act — Implementation Timeline,EU AI Act — Implementation Timeline,reading-resource,/[locale]/resources#eu-ai-act-timeline,L6,ai-engineering,"Tells you which obligations are already in force and which arrive next, which is the difference between planning a roadmap and being surprised by a deadline.",open-external,0,,ai-governance-responsible-ai-program,https://artificialintelligenceact.eu/implementation-timeline/,,,link-verified,1,0,,ai-architect,,source,REWRITE,"Add question answered, difficulty, prerequisites, relevant section, essential/deep-dive state.",high
resource:eugene-yan-evals,Task-Specific LLM Evals That Do & Don't Work,Task-Specific LLM Evals That Do & Don't Work,reading-resource,/[locale]/resources#eugene-yan-evals,L4,ai-engineering,"Gives you a concrete menu of eval metrics per task type and tells you which ones quietly mislead you, so you stop reporting numbers that don't predict production quality.",open-external,0,,eval-driven-dev|eval-first-mindset|llm-judge,https://eugeneyan.com/writing/evals/,,,link-verified,3,0,,ai-architect,,source,REWRITE,"Add question answered, difficulty, prerequisites, relevant section, essential/deep-dive state.",high
resource:eugene-yan-writing,Eugene Yan — Writing,Eugene Yan — Writing,reading-resource,/[locale]/resources#eugene-yan-writing,L4,ai-engineering,"A working ML/AI lead writes up the boring-but-decisive parts of shipping AI systems — data, evals, design reviews, career judgement — in a form you can copy at work tomorrow.",open-external,0,,,https://eugeneyan.com/writing/,,,link-verified,0,0,,ai-architect,,source,REWRITE,"Add question answered, difficulty, prerequisites, relevant section, essential/deep-dive state.",high
resource:graphiti,Graphiti,Graphiti,reading-resource,/[locale]/resources#graphiti,L5,ai-engineering,"Temporal knowledge graphs for agent memory, the sharpest available example of handling facts that change over time rather than embedding them once.",open-external,0,,rag-as-system,https://github.com/getzep/graphiti,,,link-verified,1,0,,ai-architect,,source,REWRITE,"Add question answered, difficulty, prerequisites, relevant section, essential/deep-dive state.",high
resource:graphrag,GraphRAG,GraphRAG,reading-resource,/[locale]/resources#graphrag,L5,ai-engineering,"A concrete implementation of knowledge-graph retrieval with published indexing costs, which lets you judge honestly whether your corpus justifies the extra machinery.",open-external,0,,rag-retrieval-quality,https://github.com/microsoft/graphrag,,,link-verified,1,0,,ai-architect,,source,REWRITE,"Add question answered, difficulty, prerequisites, relevant section, essential/deep-dive state.",high
resource:hamel-evals,Your AI Product Needs Evals,Your AI Product Needs Evals,reading-resource,/[locale]/resources#hamel-evals,L4,ai-engineering,"The clearest argument that an eval loop — not a better prompt — is the thing that actually makes an LLM product improve, plus the mechanics of building one.",open-external,0,,eval-driven-dev|eval-first-mindset|llm-judge,https://hamel.dev/blog/posts/evals/,,,link-verified,3,0,,ai-architect,,source,REWRITE,"Add question answered, difficulty, prerequisites, relevant section, essential/deep-dive state.",high
resource:hf-agents-course,Hugging Face Agents Course,Hugging Face Agents Course,reading-resource,/[locale]/resources#hf-agents-course,L3,ai-engineering,"A hands-on path from a bare tool-calling loop to an evaluated agent, useful as the onboarding track you hand to your team.",open-external,0,,tools-function-calling,https://huggingface.co/learn/agents-course/unit0/introduction,,,link-verified,1,0,,ai-architect,,source,REWRITE,"Add question answered, difficulty, prerequisites, relevant section, essential/deep-dive state.",high
resource:huggingface-blog,Hugging Face Blog,Hugging Face Blog,reading-resource,/[locale]/resources#huggingface-blog,L3,ai-engineering,"The widest feed of reproducible open-model recipes, so you can try an idea locally before committing your team to a vendor.",open-external,0,,,https://huggingface.co/blog,,,link-verified,0,0,,ai-architect,,source,REWRITE,"Add question answered, difficulty, prerequisites, relevant section, essential/deep-dive state.",high
resource:illustrated-transformer,The Illustrated Transformer,The Illustrated Transformer,reading-resource,/[locale]/resources#illustrated-transformer,L3,ai-engineering,"The visual explanation that finally makes attention click, and the shared reference you can point teammates to instead of the paper.",open-external,0,,fm-behavior-nondeterminism,https://jalammar.github.io/illustrated-transformer/,,,link-verified,1,0,,ai-architect,,source,REWRITE,"Add question answered, difficulty, prerequisites, relevant section, essential/deep-dive state.",high
resource:inspect-ai,Inspect AI,Inspect AI,reading-resource,/[locale]/resources#inspect-ai,L6,ai-engineering,"A government safety institute's evaluation framework, which shows you what auditable, reviewable evaluation looks like when the results have to survive scrutiny.",open-external,0,,ai-governance-responsible-ai-program|eval-as-org-capability,https://github.com/UKGovernmentBEIS/inspect_ai,,,link-verified,2,0,,ai-architect,,source,REWRITE,"Add question answered, difficulty, prerequisites, relevant section, essential/deep-dive state.",high
resource:interconnects,Interconnects,Interconnects,reading-resource,/[locale]/resources#interconnects,L5,ai-engineering,"Post-training and open-model analysis from inside the research community, so you understand why models behave the way they do rather than just that they do.",open-external,0,,,https://www.interconnects.ai/,,,link-verified,0,0,,ai-architect,,source,REWRITE,"Add question answered, difficulty, prerequisites, relevant section, essential/deep-dive state.",high
resource:jxnl-systematically-improving-rag,Systematically Improving Your RAG,Systematically Improving Your RAG,reading-resource,/[locale]/resources#jxnl-systematically-improving-rag,L4,ai-engineering,Turns 'our RAG is bad' into a measurable pipeline of retrieval and generation experiments with a clear order of operations.,open-external,0,,rag-as-system|rag-retrieval-quality,https://jxnl.co/writing/2024/05/22/systematically-improving-your-rag/,,,link-verified,2,0,,ai-architect,,source,REWRITE,"Add question answered, difficulty, prerequisites, relevant section, essential/deep-dive state.",high
resource:kaggle-prompt-engineering-whitepaper,Prompt Engineering Whitepaper (Google/Kaggle),Prompt Engineering Whitepaper (Google/Kaggle),reading-resource,/[locale]/resources#kaggle-prompt-engineering-whitepaper,L3,ai-engineering,"A disciplined catalogue of prompting techniques with sampling parameters and pitfalls, the document to standardise on so your team stops inventing folklore.",open-external,0,,prompting-as-incontext,https://www.kaggle.com/whitepaper-prompt-engineering,,,link-verified,1,0,,ai-architect,,source,REWRITE,"Add question answered, difficulty, prerequisites, relevant section, essential/deep-dive state.",high
resource:karpathy-deep-dive-llms,Deep Dive into LLMs like ChatGPT,Deep Dive into LLMs like ChatGPT,reading-resource,/[locale]/resources#karpathy-deep-dive-llms,L4,ai-engineering,"A single sitting that connects pretraining, post-training and inference into one coherent story you can then explain to executives.",open-external,0,,finetune-vs-prompt|fm-behavior-nondeterminism,https://www.youtube.com/watch?v=7xTGNNLPyMI,,,link-verified,2,0,,ai-architect,,source,REWRITE,"Add question answered, difficulty, prerequisites, relevant section, essential/deep-dive state.",high
resource:karpathy-lets-build-gpt,"Let's build GPT: from scratch, in code, spelled out","Let's build GPT: from scratch, in code, spelled out",reading-resource,/[locale]/resources#karpathy-lets-build-gpt,L3,ai-engineering,Two hours that turn the transformer from a diagram into code you have personally run and broken.,open-external,0,,fm-behavior-nondeterminism,https://www.youtube.com/watch?v=kCc8FmEb1nY,,,link-verified,1,0,,ai-architect,,source,REWRITE,"Add question answered, difficulty, prerequisites, relevant section, essential/deep-dive state.",high
resource:karpathy-zero-to-hero,Neural Networks: Zero to Hero,Neural Networks: Zero to Hero,reading-resource,/[locale]/resources#karpathy-zero-to-hero,L3,ai-engineering,"You type out backprop, a tokeniser and a GPT from nothing, which removes the last places where you were trusting a framework blindly.",open-external,0,,,https://www.youtube.com/playlist?list=PLAqhIrjkxbuWI23v9cThsA9GvCAUhRvKZ,,,link-verified,0,0,,ai-architect,,source,REWRITE,"Add question answered, difficulty, prerequisites, relevant section, essential/deep-dive state.",high
resource:langchain-blog,LangChain Blog,LangChain Blog,reading-resource,/[locale]/resources#langchain-blog,L4,ai-engineering,Vendor-flavoured but genuinely current reporting on agent architecture patterns and what teams are actually deploying.,open-external,0,,,https://www.langchain.com/blog/,,,link-verified,0,0,,ai-architect,,source,REWRITE,"Add question answered, difficulty, prerequisites, relevant section, essential/deep-dive state.",high
resource:langfuse,Langfuse,Langfuse,reading-resource,/[locale]/resources#langfuse,L5,ai-engineering,"Open-source tracing, prompt management and cost accounting for LLM apps, giving you the production evidence that eval and budget arguments need.",open-external,0,,ai-observability|cost-latency-per-request|unit-economics-at-scale,https://github.com/langfuse/langfuse,,,link-verified,3,0,,ai-architect,,source,REWRITE,"Add question answered, difficulty, prerequisites, relevant section, essential/deep-dive state.",high
resource:langgraph,LangGraph,LangGraph,reading-resource,/[locale]/resources#langgraph,L4,ai-engineering,"A graph-based agent runtime with checkpointing and human-in-the-loop, the concrete answer to how you make a long-running agent resumable.",open-external,0,,concrete-agent-orchestration-patterns-and,https://github.com/langchain-ai/langgraph,,,link-verified,1,0,,ai-architect,,source,REWRITE,"Add question answered, difficulty, prerequisites, relevant section, essential/deep-dive state.",high
resource:latent-space,Latent Space,Latent Space,reading-resource,/[locale]/resources#latent-space,L4,ai-engineering,"Long interviews with the people building AI products, which is the fastest way to absorb the industry's current vocabulary and open problems.",open-external,0,,,https://www.latent.space/,,,link-verified,0,0,,ai-architect,,source,REWRITE,"Add question answered, difficulty, prerequisites, relevant section, essential/deep-dive state.",high
resource:lilian-weng-agents,LLM Powered Autonomous Agents,LLM Powered Autonomous Agents,reading-resource,/[locale]/resources#lilian-weng-agents,L4,ai-engineering,"The reference decomposition of an agent into planning, memory and tool use that most of the field still argues in terms of.",open-external,0,,agency-spectrum|concrete-agent-orchestration-patterns-and,https://lilianweng.github.io/posts/2023-06-23-agent/,,,link-verified,2,0,,ai-architect,,source,REWRITE,"Add question answered, difficulty, prerequisites, relevant section, essential/deep-dive state.",high
resource:lilian-weng-hallucination,Extrinsic Hallucinations in LLMs,Extrinsic Hallucinations in LLMs,reading-resource,/[locale]/resources#lilian-weng-hallucination,L4,ai-engineering,"Explains where hallucination actually comes from and which mitigations have evidence behind them, so your grounding strategy stops being folklore.",open-external,0,,fm-behavior-nondeterminism|rag-retrieval-quality,https://lilianweng.github.io/posts/2024-07-07-hallucination/,,,link-verified,2,0,,ai-architect,,source,REWRITE,"Add question answered, difficulty, prerequisites, relevant section, essential/deep-dive state.",high
resource:lilian-weng-reward-hacking,Reward Hacking in Reinforcement Learning,Reward Hacking in Reinforcement Learning,reading-resource,/[locale]/resources#lilian-weng-reward-hacking,L5,ai-engineering,"Shows how systems optimise the metric instead of the goal, which is exactly how your LLM-as-judge and your internal KPIs get gamed.",open-external,0,,delivery-metrics-without-goodhart|llm-judge,https://lilianweng.github.io/posts/2024-11-28-reward-hacking/,,,link-verified,2,0,,ai-architect,,source,REWRITE,"Add question answered, difficulty, prerequisites, relevant section, essential/deep-dive state.",high
resource:litellm,LiteLLM,LiteLLM,reading-resource,/[locale]/resources#litellm,L5,ai-engineering,"A model gateway with routing, fallbacks, budgets and key management — the layer that turns 'which provider?' from a rewrite into a config change.",open-external,0,,ai-architecture-guardrails|build-buy-model-strategy|unit-economics-at-scale,https://github.com/BerriAI/litellm,,,link-verified,3,0,,ai-architect,,source,REWRITE,"Add question answered, difficulty, prerequisites, relevant section, essential/deep-dive state.",high
resource:llama-cpp,llama.cpp,llama.cpp,reading-resource,/[locale]/resources#llama-cpp,L4,ai-engineering,"Shows how far quantisation and CPU/GPU tricks can take you on ordinary hardware, which reshapes what you consider possible on-premise or at the edge.",open-external,0,,build-buy-model-strategy|cost-latency-per-request,https://github.com/ggml-org/llama.cpp,,,link-verified,2,0,,ai-architect,,source,REWRITE,"Add question answered, difficulty, prerequisites, relevant section, essential/deep-dive state.",high
resource:llms-from-scratch,LLMs from Scratch,LLMs from Scratch,reading-resource,/[locale]/resources#llms-from-scratch,L3,ai-engineering,"Chapter-by-chapter code for building and fine-tuning a GPT yourself, the sturdiest way to make your transformer knowledge non-negotiable.",open-external,0,,data-curation-finetuning-evals|finetune-vs-prompt,https://github.com/rasbt/LLMs-from-scratch,,,link-verified,2,0,,ai-architect,,source,REWRITE,"Add question answered, difficulty, prerequisites, relevant section, essential/deep-dive state.",high
resource:mcp-python-sdk,MCP Python SDK,MCP Python SDK,reading-resource,/[locale]/resources#mcp-python-sdk,L4,ai-engineering,"The library you will actually build internal tool servers with, and the place the protocol's rough edges become visible.",open-external,0,,mcp-integration,https://github.com/modelcontextprotocol/python-sdk,,,link-verified,1,0,,ai-architect,,source,REWRITE,"Add question answered, difficulty, prerequisites, relevant section, essential/deep-dive state.",high
resource:mcp-servers,MCP Reference Servers,MCP Reference Servers,reading-resource,/[locale]/resources#mcp-servers,L4,ai-engineering,"Real server implementations that show what good tool boundaries, naming and permissions look like before you expose your own systems to an agent.",open-external,0,,mcp-integration|tools-function-calling,https://github.com/modelcontextprotocol/servers,,,link-verified,2,0,,ai-architect,,source,REWRITE,"Add question answered, difficulty, prerequisites, relevant section, essential/deep-dive state.",high
resource:mcp-specification,Model Context Protocol — Specification,Model Context Protocol — Specification,reading-resource,/[locale]/resources#mcp-specification,L4,ai-engineering,"The authoritative protocol text, including its consent and tool-safety requirements, which you need before you let any agent touch internal systems.",open-external,0,,mcp-integration,https://modelcontextprotocol.io/specification/latest,,,link-verified,1,0,,ai-architect,,source,REWRITE,"Add question answered, difficulty, prerequisites, relevant section, essential/deep-dive state.",high
resource:mem0,mem0,mem0,reading-resource,/[locale]/resources#mem0,L4,ai-engineering,"A memory layer for agents that forces you to decide explicitly what gets written, retrieved and forgotten instead of hoping the context window handles it.",open-external,0,,rag-as-system,https://github.com/mem0ai/mem0,,,link-verified,1,0,,ai-architect,,source,REWRITE,"Add question answered, difficulty, prerequisites, relevant section, essential/deep-dive state.",high
resource:modal-blog,Modal Blog,Modal Blog,reading-resource,/[locale]/resources#modal-blog,L5,ai-engineering,"GPU infrastructure, cold starts and serving economics explained by people who run it, which is where most AI cost surprises live.",open-external,0,,unit-economics-at-scale,https://modal.com/blog,,,link-verified,1,0,,ai-architect,,source,REWRITE,"Add question answered, difficulty, prerequisites, relevant section, essential/deep-dive state.",high
resource:nanochat,nanochat,nanochat,reading-resource,/[locale]/resources#nanochat,L5,ai-engineering,"A full ChatGPT-style pipeline — tokeniser, pretraining, fine-tuning, serving — small enough to read in an evening and expensive enough to teach you real cost intuition.",open-external,0,,data-curation-finetuning-evals|finetune-vs-prompt,https://github.com/karpathy/nanochat,,,link-verified,2,0,,ai-architect,,source,REWRITE,"Add question answered, difficulty, prerequisites, relevant section, essential/deep-dive state.",high
resource:nist-ai-rmf,NIST AI Risk Management Framework (AI RMF 1.0),NIST AI Risk Management Framework (AI RMF 1.0),reading-resource,/[locale]/resources#nist-ai-rmf,L6,ai-engineering,"The Govern/Map/Measure/Manage structure that enterprise risk and legal teams already recognise, so your AI controls land as compliance work rather than engineering preference.",open-external,0,,ai-governance-responsible-ai-program|security-program-adversarial,https://www.nist.gov/itl/ai-risk-management-framework,,,link-verified,2,0,,ai-architect,,source,REWRITE,"Add question answered, difficulty, prerequisites, relevant section, essential/deep-dive state.",high
resource:openai-agents-python,OpenAI Agents SDK (Python),OpenAI Agents SDK (Python),reading-resource,/[locale]/resources#openai-agents-python,L4,ai-engineering,"A deliberately small agent framework whose source you can read end to end, which is the fastest way to see what a framework is really doing for you.",open-external,0,,,https://github.com/openai/openai-agents-python,,,link-verified,0,0,,ai-architect,,source,REWRITE,"Add question answered, difficulty, prerequisites, relevant section, essential/deep-dive state.",high
resource:openai-cookbook,OpenAI Cookbook,OpenAI Cookbook,reading-resource,/[locale]/resources#openai-cookbook,L4,ai-engineering,"The other provider's canonical recipe set, worth reading precisely to see where the two APIs disagree and where your abstraction must be neutral.",open-external,0,,prompting-as-incontext,https://github.com/openai/openai-cookbook,,,link-verified,1,0,,ai-architect,,source,REWRITE,"Add question answered, difficulty, prerequisites, relevant section, essential/deep-dive state.",high
resource:openhands,OpenHands,OpenHands,reading-resource,/[locale]/resources#openhands,L5,ai-engineering,"A production-scale open coding agent whose sandboxing, runtime and evaluation harness show what it costs to run autonomous agents safely.",open-external,0,,ai-architecture-guardrails|security-program-adversarial,https://github.com/All-Hands-AI/OpenHands,,,link-verified,2,0,,ai-architect,,source,REWRITE,"Add question answered, difficulty, prerequisites, relevant section, essential/deep-dive state.",high
resource:otel-genai-semconv,OpenTelemetry GenAI Semantic Conventions,OpenTelemetry GenAI Semantic Conventions,reading-resource,/[locale]/resources#otel-genai-semconv,L5,ai-engineering,"The standard span, metric and event names for LLM and agent telemetry, so your traces stay portable across vendors instead of locking you into one dashboard.",open-external,0,,ai-observability|observability-for-distributed-systems,https://github.com/open-telemetry/semantic-conventions-genai,,,link-verified,2,0,,ai-architect,,source,REWRITE,"Add question answered, difficulty, prerequisites, relevant section, essential/deep-dive state.",high
resource:owasp-llm-top-10-2025,OWASP Top 10 for LLM Applications (2025),OWASP Top 10 for LLM Applications (2025),reading-resource,/[locale]/resources#owasp-llm-top-10-2025,L5,ai-engineering,"The shared vocabulary — prompt injection, excessive agency, unbounded consumption — that lets you run a real threat model review of an agent instead of an argument about vibes.",open-external,0,,injection-basics|owasp-llm-threat-model|security-engineering-threat-modeling-authn|security-program-adversarial,https://genai.owasp.org/llm-top-10/,,,link-verified,4,0,,ai-architect,,source,REWRITE,"Add question answered, difficulty, prerequisites, relevant section, essential/deep-dive state.",high
resource:promptfoo,promptfoo,promptfoo,reading-resource,/[locale]/resources#promptfoo,L4,ai-engineering,"Declarative side-by-side prompt and model comparison plus red-teaming, so migration and vendor decisions come with a diff instead of an opinion.",open-external,0,,eval-driven-dev|llm-judge|owasp-llm-threat-model|security-program-adversarial,https://github.com/promptfoo/promptfoo,,,link-verified,4,0,,ai-architect,,source,REWRITE,"Add question answered, difficulty, prerequisites, relevant section, essential/deep-dive state.",high
resource:rag-paper-lewis-2020,Retrieval-Augmented Generation for Knowledge-Intensive NLP Tasks,Retrieval-Augmented Generation for Knowledge-Intensive NLP Tasks,reading-resource,/[locale]/resources#rag-paper-lewis-2020,L4,ai-engineering,"The original RAG paper, worth reading to see that retrieval was designed as a trained component and to understand what today's bolt-on pipelines gave up.",open-external,0,,finetune-vs-prompt|rag-as-system|rag-retrieval-quality,https://arxiv.org/abs/2005.11401,,,link-verified,3,0,,ai-architect,,source,REWRITE,"Add question answered, difficulty, prerequisites, relevant section, essential/deep-dive state.",high
resource:raschka-ahead-of-ai,Ahead of AI,Ahead of AI,reading-resource,/[locale]/resources#raschka-ahead-of-ai,L4,ai-engineering,"Careful, code-level explanations of new architectures and training methods, which is how you keep your fundamentals from going stale.",open-external,0,,,https://magazine.sebastianraschka.com/,,,link-verified,0,0,,ai-architect,,source,REWRITE,"Add question answered, difficulty, prerequisites, relevant section, essential/deep-dive state.",high
resource:shreya-shankar-defense-evals,In Defense of AI Evals,In Defense of AI Evals,reading-resource,/[locale]/resources#shreya-shankar-defense-evals,L5,ai-engineering,"A researcher answers the common objections to evals, which is what you need when a skeptical team pushes back on the investment.",open-external,0,,eval-as-org-capability|eval-driven-dev,https://www.sh-reya.com/blog/in-defense-ai-evals/,,,link-verified,2,0,,ai-architect,,source,REWRITE,"Add question answered, difficulty, prerequisites, relevant section, essential/deep-dive state.",high
resource:simon-willison-llms-2024,Things we learned about LLMs in 2024,Things we learned about LLMs in 2024,reading-resource,/[locale]/resources#simon-willison-llms-2024,L4,ai-engineering,"A year compressed into the handful of shifts that mattered — price collapse, context growth, multimodality — so you can date your own mental model.",open-external,0,,,https://simonwillison.net/2024/Dec/31/llms-in-2024/,,,link-verified,0,0,,ai-architect,,source,REWRITE,"Add question answered, difficulty, prerequisites, relevant section, essential/deep-dive state.",high
resource:simon-willison-year-in-llms-2025,The Year in LLMs (2025),The Year in LLMs (2025),reading-resource,/[locale]/resources#simon-willison-year-in-llms-2025,L4,ai-engineering,"The same annual reckoning for the year agents and coding tools went mainstream, useful for calibrating what is now table stakes.",open-external,0,,,https://simonwillison.net/2025/Dec/31/the-year-in-llms/,,,link-verified,0,0,,ai-architect,,source,REWRITE,"Add question answered, difficulty, prerequisites, relevant section, essential/deep-dive state.",high
resource:smolagents,smolagents,smolagents,reading-resource,/[locale]/resources#smolagents,L4,ai-engineering,"A minimal code-writing agent in a few thousand lines, ideal for stripping the mystique out of agent loops before you choose a heavier stack.",open-external,0,,agency-spectrum,https://github.com/huggingface/smolagents,,,link-verified,1,0,,ai-architect,,source,REWRITE,"Add question answered, difficulty, prerequisites, relevant section, essential/deep-dive state.",high
resource:stanford-cs336,Stanford CS336: Language Modeling from Scratch,Stanford CS336: Language Modeling from Scratch,reading-resource,/[locale]/resources#stanford-cs336,L5,ai-engineering,"The full stack of building a language model — data, tokenisation, systems, scaling laws, alignment — at a depth that makes you dangerous in architecture reviews.",open-external,0,,build-buy-model-strategy|data-curation-finetuning-evals,https://cs336.stanford.edu/,,,link-verified,2,0,,ai-architect,,source,REWRITE,"Add question answered, difficulty, prerequisites, relevant section, essential/deep-dive state.",high
resource:swe-agent,SWE-agent,SWE-agent,reading-resource,/[locale]/resources#swe-agent,L5,ai-engineering,"A research-grade coding agent with a documented agent-computer interface, the best worked example of how tool design decides agent success rates.",open-external,0,,tools-function-calling,https://github.com/SWE-agent/SWE-agent,,,link-verified,1,0,,ai-architect,,source,REWRITE,"Add question answered, difficulty, prerequisites, relevant section, essential/deep-dive state.",high
resource:the-batch,The Batch,The Batch,reading-resource,/[locale]/resources#the-batch,L3,ai-engineering,"A weekly filter over AI news with an engineer's framing, cheap insurance against missing something your leadership will ask about.",open-external,0,,,https://www.deeplearning.ai/the-batch/,,,link-verified,0,0,,ai-architect,,source,REWRITE,"Add question answered, difficulty, prerequisites, relevant section, essential/deep-dive state.",high
resource:thinking-machines-blog,Thinking Machines Lab — Blog,Thinking Machines Lab — Blog,reading-resource,/[locale]/resources#thinking-machines-blog,L5,ai-engineering,Deep technical write-ups on things like inference determinism and fine-tuning that change how you debug model behaviour at scale.,open-external,0,,,https://thinkingmachines.ai/blog/,,,link-verified,0,0,,ai-architect,,source,REWRITE,"Add question answered, difficulty, prerequisites, relevant section, essential/deep-dive state.",high
resource:twelve-factor-agents,12-Factor Agents,12-Factor Agents,reading-resource,/[locale]/resources#twelve-factor-agents,L5,ai-engineering,"Names the engineering principles that separate an agent you can operate from one you merely demoed — own your prompts, own your control flow, keep state explicit.",open-external,0,,agency-spectrum|concrete-agent-orchestration-patterns-and,https://github.com/humanlayer/12-factor-agents,,,link-verified,2,0,,ai-architect,,source,REWRITE,"Add question answered, difficulty, prerequisites, relevant section, essential/deep-dive state.",high
resource:vllm-blog,vLLM Blog,vLLM Blog,reading-resource,/[locale]/resources#vllm-blog,L5,ai-engineering,"Serving internals — paged attention, batching, quantisation — that let you argue about throughput and latency with numbers instead of vibes.",open-external,0,,cost-latency-per-request|performance-engineering-methodology-capacity-planning,https://vllm.ai/blog,,,link-verified,2,0,,ai-architect,,source,REWRITE,"Add question answered, difficulty, prerequisites, relevant section, essential/deep-dive state.",high
resource:vllm-repo,vLLM,vLLM,reading-resource,/[locale]/resources#vllm-repo,L5,ai-engineering,"The de facto open inference server, so reading its scheduler and cache code teaches you where your tokens-per-second and your bill really come from.",open-external,0,,cost-latency-per-request|unit-economics-at-scale,https://github.com/vllm-project/vllm,,,link-verified,2,0,,ai-architect,,source,REWRITE,"Add question answered, difficulty, prerequisites, relevant section, essential/deep-dive state.",high
resource:abl-continuous-delivery,Going faster with continuous delivery,Going faster with continuous delivery,reading-resource,/[locale]/resources#abl-continuous-delivery,L3,execution-delivery,"Makes the case, with Amazon's own pipeline structure, that faster and safer releases come from the same investment rather than opposing each other.",open-external,0,,dora-as-team-signal|green-trunk-ci-hygiene,https://aws.amazon.com/builders-library/going-faster-with-continuous-delivery/,,,link-verified,2,0,,staff-engineer,,source,REWRITE,"Add question answered, difficulty, prerequisites, relevant section, essential/deep-dive state.",high
resource:abl-hands-off-deployments,"Automating safe, hands-off deployments","Automating safe, hands-off deployments",reading-resource,/[locale]/resources#abl-hands-off-deployments,L4,execution-delivery,"Walks through the full four-stage pipeline Amazon uses, including bake times, canaries, and automatic rollback triggers you can copy.",open-external,0,,paved-road-cd-platform|progressive-rollout,https://aws.amazon.com/builders-library/automating-safe-hands-off-deployments/,,,link-verified,2,0,,staff-engineer,,source,REWRITE,"Add question answered, difficulty, prerequisites, relevant section, essential/deep-dive state.",high
resource:abl-instrumenting-distributed-systems,Instrumenting distributed systems for operational visibility,Instrumenting distributed systems for operational visibility,reading-resource,/[locale]/resources#abl-instrumenting-distributed-systems,L3,execution-delivery,Details the structured per-request logging and percentile metrics that let you debug a production incident instead of guessing at averages.,open-external,0,,observability-for-distributed-systems|observability-high-cardinality|read-the-tail-not-the-mean,https://aws.amazon.com/builders-library/instrumenting-distributed-systems-for-operational-visibility/,,,link-verified,3,0,,staff-engineer,,source,REWRITE,"Add question answered, difficulty, prerequisites, relevant section, essential/deep-dive state.",high
resource:abl-rollback-safety,Ensuring rollback safety during deployments,Ensuring rollback safety during deployments,reading-resource,/[locale]/resources#abl-rollback-safety,L4,execution-delivery,Explains two-phase changes for protocols and data formats so a rollback never leaves your system unable to read what it already wrote.,open-external,0,,api-contract-and-idempotency|progressive-rollout,https://aws.amazon.com/builders-library/ensuring-rollback-safety-during-deployments/,,,link-verified,2,0,,staff-engineer,,source,REWRITE,"Add question answered, difficulty, prerequisites, relevant section, essential/deep-dive state.",high
resource:aws-data-exports-focus-1-2,AWS Data Exports: FOCUS 1.2 table dictionary,AWS Data Exports: FOCUS 1.2 table dictionary,reading-resource,/[locale]/resources#aws-data-exports-focus-1-2,L4,cloud-platform,The field-by-field mapping you need to build cost reporting on FOCUS instead of on raw CUR columns that change shape with every new service.,open-external,0,,finops-as-engineering,https://docs.aws.amazon.com/cur/latest/userguide/what-is-data-exports.html,,,link-verified,1,0,,shared-foundations,,source,REWRITE,"Add question answered, difficulty, prerequisites, relevant section, essential/deep-dive state.",high
resource:aws-fault-injection-service-docs,AWS Fault Injection Service User Guide,AWS Fault Injection Service User Guide,reading-resource,/[locale]/resources#aws-fault-injection-service-docs,L4,execution-delivery,"Turns chaos engineering into something you can schedule and gate in a pipeline, with stop conditions so an experiment cannot become the incident.",open-external,0,,chaos-resilience-engineering-fault-injection|verified-resilience-gamedays,https://docs.aws.amazon.com/fis/latest/userguide/what-is.html,,,link-verified,2,0,,staff-engineer,,source,REWRITE,"Add question answered, difficulty, prerequisites, relevant section, essential/deep-dive state.",high
resource:containers-blog-ecs-fargate-launch-rates,Under the hood: Amazon ECS and AWS Fargate increase task launch rates,Under the hood: Amazon ECS and AWS Fargate increase task launch rates,reading-resource,/[locale]/resources#containers-blog-ecs-fargate-launch-rates,L4,technical-depth,"A rare look at how AWS found and removed control-plane bottlenecks, which is the same profiling discipline your own orchestration layer needs.",open-external,0,,performance-engineering-methodology-capacity-planning,https://aws.amazon.com/blogs/containers/under-the-hood-amazon-elastic-container-service-and-aws-fargate-increase-task-launch-rates/,,,link-verified,1,0,,shared-foundations,,source,REWRITE,"Add question answered, difficulty, prerequisites, relevant section, essential/deep-dive state.",high
resource:focus-specification,FOCUS: FinOps Open Cost and Usage Specification,FOCUS: FinOps Open Cost and Usage Specification,reading-resource,/[locale]/resources#focus-specification,L4,cloud-platform,"The vendor-neutral column schema that finally lets you compare AWS, Azure and GCP spend without writing a translation layer per provider.",open-external,0,,finops-as-engineering,https://focus.finops.org/focus-specification/,,,link-verified,1,0,,shared-foundations,,source,REWRITE,"Add question answered, difficulty, prerequisites, relevant section, essential/deep-dive state.",high
resource:google-sre-book,"Site Reliability Engineering (Google SRE Book, free online)","Site Reliability Engineering (Google SRE Book, free online)",reading-resource,/[locale]/resources#google-sre-book,L4,execution-delivery,"Gives you the shared language of SLOs, error budgets, toil and blameless postmortems that makes reliability arguments negotiable with product owners.",open-external,0,,,https://sre.google/sre-book/table-of-contents/,,,link-verified,0,0,,staff-engineer,,source,REWRITE,"Add question answered, difficulty, prerequisites, relevant section, essential/deep-dive state.",high
resource:abl-avoiding-fallback,Avoiding fallback in distributed systems,Avoiding fallback in distributed systems,reading-resource,/[locale]/resources#abl-avoiding-fallback,L4,systems-architecture,Argues that fallback paths are the least tested code in your system and shows safer alternatives that keep the primary path always exercised.,open-external,0,,designing-for-failure-resilience|static-stability-and-control-plane-dependence,https://aws.amazon.com/builders-library/avoiding-fallback-in-distributed-systems/,,,link-verified,2,0,,shared-foundations,,source,REWRITE,"Add question answered, difficulty, prerequisites, relevant section, essential/deep-dive state.",high
resource:abl-caching-challenges-strategies,Caching challenges and strategies,Caching challenges and strategies,reading-resource,/[locale]/resources#abl-caching-challenges-strategies,L4,systems-architecture,"Lays out the hidden compensations of caching, including modality shifts and cold-cache stampedes that only appear the day the cache fails.",open-external,0,,caching-fundamentals-and-costs|caching-strategies,https://aws.amazon.com/builders-library/caching-challenges-and-strategies/,,,link-verified,2,0,,shared-foundations,,source,REWRITE,"Add question answered, difficulty, prerequisites, relevant section, essential/deep-dive state.",high
resource:abl-fairness-multi-tenant,Fairness in multi-tenant systems,Fairness in multi-tenant systems,reading-resource,/[locale]/resources#abl-fairness-multi-tenant,L4,systems-architecture,"Gives practical quota, throttling, and admission-control designs so one heavy tenant cannot degrade everyone else's experience.",open-external,0,,backpressure-flow-control|shuffle-sharding-and-poison-tenants,https://aws.amazon.com/builders-library/fairness-in-multi-tenant-systems/,,,link-verified,2,0,,shared-foundations,,source,REWRITE,"Add question answered, difficulty, prerequisites, relevant section, essential/deep-dive state.",high
resource:abl-implementing-health-checks,Implementing health checks,Implementing health checks,reading-resource,/[locale]/resources#abl-implementing-health-checks,L3,systems-architecture,"Explains the difference between shallow, deep, and dependency health checks, and how an overly smart health check can take down a whole fleet.",open-external,0,,,https://aws.amazon.com/builders-library/implementing-health-checks/,,,link-verified,0,0,,shared-foundations,,source,REWRITE,"Add question answered, difficulty, prerequisites, relevant section, essential/deep-dive state.",high
resource:abl-load-shedding,Using load shedding to avoid overload,Using load shedding to avoid overload,reading-resource,/[locale]/resources#abl-load-shedding,L4,systems-architecture,Shows how to keep goodput high under overload by rejecting work early instead of letting queues and latency collapse the service.,open-external,0,,autoscaling-is-a-control-loop|backpressure-flow-control,https://aws.amazon.com/builders-library/using-load-shedding-to-avoid-overload/,,,link-verified,2,0,,shared-foundations,,source,REWRITE,"Add question answered, difficulty, prerequisites, relevant section, essential/deep-dive state.",high
resource:abl-queue-backlogs,Avoiding insurmountable queue backlogs,Avoiding insurmountable queue backlogs,reading-resource,/[locale]/resources#abl-queue-backlogs,L4,systems-architecture,"Explains why an asynchronous queue can become an unrecoverable backlog and which techniques (age limits, sidelines, backpressure) get you out.",open-external,0,,async-messaging-when-to-queue|backpressure-flow-control,https://aws.amazon.com/builders-library/avoiding-insurmountable-queue-backlogs/,,,link-verified,2,0,,shared-foundations,,source,REWRITE,"Add question answered, difficulty, prerequisites, relevant section, essential/deep-dive state.",high
resource:abl-reliability-constant-work,"Reliability, constant work, and a good cup of coffee","Reliability, constant work, and a good cup of coffee",reading-resource,/[locale]/resources#abl-reliability-constant-work,L4,systems-architecture,"Introduces the constant-work pattern, where a system does the same amount of work whether things are calm or on fire, removing failure-time surprises.",open-external,0,,designing-for-failure-resilience|static-stability-and-control-plane-dependence,https://aws.amazon.com/builders-library/reliability-and-constant-work/,,,link-verified,2,0,,shared-foundations,,source,REWRITE,"Add question answered, difficulty, prerequisites, relevant section, essential/deep-dive state.",high
resource:abl-shuffle-sharding,Workload isolation using shuffle-sharding,Workload isolation using shuffle-sharding,reading-resource,/[locale]/resources#abl-shuffle-sharding,L4,systems-architecture,Teaches a cheap partitioning trick that shrinks the blast radius of one bad tenant from everyone to a tiny fraction of your customers.,open-external,0,,partitioning-sharding|shuffle-sharding-and-poison-tenants,https://aws.amazon.com/builders-library/workload-isolation-using-shuffle-sharding/,,,link-verified,2,0,,shared-foundations,,source,REWRITE,"Add question answered, difficulty, prerequisites, relevant section, essential/deep-dive state.",high
resource:abl-static-stability-azs,Static stability using Availability Zones,Static stability using Availability Zones,reading-resource,/[locale]/resources#abl-static-stability-azs,L4,cloud-platform,"Reframes high availability around systems that keep working without needing to change anything during a failure, instead of relying on reactive automation.",open-external,0,,regions-azs-and-blast-radius|static-stability-and-control-plane-dependence,https://aws.amazon.com/builders-library/static-stability-using-availability-zones/,,,link-verified,2,0,,shared-foundations,,source,REWRITE,"Add question answered, difficulty, prerequisites, relevant section, essential/deep-dive state.",high
resource:abl-timeouts-retries-backoff-jitter,"Timeouts, retries, and backoff with jitter","Timeouts, retries, and backoff with jitter",reading-resource,/[locale]/resources#abl-timeouts-retries-backoff-jitter,L3,technical-depth,"Shows why naive retries turn a small blip into a full outage, and gives the concrete math for choosing timeouts, capped backoff, and jitter.",open-external,0,,api-contract-and-idempotency|backpressure-flow-control|network-latency-throughput,https://aws.amazon.com/builders-library/timeouts-retries-and-backoff-with-jitter/,,,link-verified,3,0,,shared-foundations,,source,REWRITE,"Add question answered, difficulty, prerequisites, relevant section, essential/deep-dive state.",high
resource:aws-cell-based-architecture-whitepaper,Reducing the Scope of Impact with Cell-Based Architecture (AWS Well-Architected guidance),Reducing the Scope of Impact with Cell-Based Architecture (AWS Well-Architected guidance),reading-resource,/[locale]/resources#aws-cell-based-architecture-whitepaper,L5,systems-architecture,"The most concrete guidance available on sizing cells, choosing a partition key and building the thin router, which is where most cell designs actually fail.",open-external,0,,cell-based-architecture|partitioning-sharding,https://docs.aws.amazon.com/wellarchitected/latest/reducing-scope-of-impact-with-cell-based-architecture/reducing-scope-of-impact-with-cell-based-architecture.html,,,link-verified,2,0,,shared-foundations,,source,REWRITE,"Add question answered, difficulty, prerequisites, relevant section, essential/deep-dive state.",high
resource:aws-control-tower-docs,What is AWS Control Tower?,What is AWS Control Tower?,reading-resource,/[locale]/resources#aws-control-tower-docs,L4,cloud-platform,"Explains what the managed landing zone gives you and what it takes away, so you can decide honestly between Control Tower and your own baseline.",open-external,0,,guardrails-over-gatekeeping|landing-zone-and-account-boundaries,https://docs.aws.amazon.com/controltower/latest/userguide/what-is-control-tower.html,,,link-verified,2,0,,shared-foundations,,source,REWRITE,"Add question answered, difficulty, prerequisites, relevant section, essential/deep-dive state.",high
resource:aws-organizations-best-practices,Best practices for AWS Organizations (management and member accounts),Best practices for AWS Organizations (management and member accounts),reading-resource,/[locale]/resources#aws-organizations-best-practices,L4,cloud-platform,"The official position on OU design, keeping workloads out of the management account and using SCPs as guardrails, which settles a lot of internal debates.",open-external,0,,guardrails-over-gatekeeping|landing-zone-and-account-boundaries,https://docs.aws.amazon.com/organizations/latest/userguide/orgs_best-practices.html,,,link-verified,2,0,,shared-foundations,,source,REWRITE,"Add question answered, difficulty, prerequisites, relevant section, essential/deep-dive state.",high
resource:aws-reinvent-2018-arc338-blast-radius,AWS re:Invent 2018: How AWS Minimizes the Blast Radius of Failures (ARC338),AWS re:Invent 2018: How AWS Minimizes the Blast Radius of Failures (ARC338),reading-resource,/[locale]/resources#aws-reinvent-2018-arc338-blast-radius,L4,cloud-platform,"The talk that turned cells, zones and shuffle-sharding into one coherent story about limiting how much of your system any single failure can touch.",open-external,0,,cell-based-architecture|shuffle-sharding-and-poison-tenants|static-stability-and-control-plane-dependence,https://www.youtube.com/watch?v=swQbA4zub20,,,link-verified,3,0,,shared-foundations,,source,REWRITE,"Add question answered, difficulty, prerequisites, relevant section, essential/deep-dive state.",high
resource:aws-well-architected-framework,AWS Well-Architected Framework,AWS Well-Architected Framework,reading-resource,/[locale]/resources#aws-well-architected-framework,L3,systems-architecture,"Gives you a shared vocabulary and a review checklist across six pillars, which is how you defend an architecture decision to people outside your team.",open-external,0,,,https://docs.aws.amazon.com/wellarchitected/latest/framework/welcome.html,,,link-verified,0,0,,shared-foundations,,source,REWRITE,"Add question answered, difficulty, prerequisites, relevant section, essential/deep-dive state.",high
resource:aws-well-architected-reliability-pillar,AWS Well-Architected Framework: Reliability Pillar,AWS Well-Architected Framework: Reliability Pillar,reading-resource,/[locale]/resources#aws-well-architected-reliability-pillar,L4,cloud-platform,"Turns fuzzy reliability talk into concrete practices: availability targets, dependency analysis, recovery objectives, and tested failure handling.",open-external,0,,designing-for-failure-resilience|multi-region-honesty|org-wide-reliability-as-risk|verified-resilience-gamedays,https://docs.aws.amazon.com/wellarchitected/latest/reliability-pillar/welcome.html,,,link-verified,4,0,,shared-foundations,,source,REWRITE,"Add question answered, difficulty, prerequisites, relevant section, essential/deep-dive state.",high
resource:aws-well-architected-serverless-lens,AWS Well-Architected Framework: Serverless Applications Lens,AWS Well-Architected Framework: Serverless Applications Lens,reading-resource,/[locale]/resources#aws-well-architected-serverless-lens,L3,cloud-platform,"Applies the framework's questions to event-driven and serverless workloads, where the compensations around state, limits, and cold starts differ sharply.",open-external,0,,cold-start-and-warm-path-economics|compute-selection-as-a-tradeoff|event-driven-architecture-tradeoffs,https://docs.aws.amazon.com/wellarchitected/latest/serverless-applications-lens/welcome.html,,,link-verified,3,0,,shared-foundations,,source,REWRITE,"Add question answered, difficulty, prerequisites, relevant section, essential/deep-dive state.",high
resource:borg-eurosys-2015,Large-scale cluster management at Google with Borg (EuroSys 2015),Large-scale cluster management at Google with Borg (EuroSys 2015),reading-resource,/[locale]/resources#borg-eurosys-2015,L4,systems-architecture,"Explains bin-packing, priority classes and resource reclamation from the source, which is why Kubernetes and ECS behave the way they do under contention.",open-external,0,,compute-selection-as-a-tradeoff|performance-engineering-methodology-capacity-planning,https://research.google/pubs/large-scale-cluster-management-at-google-with-borg/,,,link-verified,2,0,,shared-foundations,,source,REWRITE,"Add question answered, difficulty, prerequisites, relevant section, essential/deep-dive state.",high
resource:brooker-caches-modes-unstable,"Caches, Modes, and Unstable Systems","Caches, Modes, and Unstable Systems",reading-resource,/[locale]/resources#brooker-caches-modes-unstable,L5,systems-architecture,"Names the metastable failure pattern behind many cache-fronted services: the system is fine until the cache is cold, and then it can never recover on its own.",open-external,0,,caching-strategies|designing-for-failure-resilience,https://brooker.co.za/blog/2021/08/27/caches.html,,,link-verified,2,0,,shared-foundations,,source,REWRITE,"Add question answered, difficulty, prerequisites, relevant section, essential/deep-dive state.",high
resource:brooker-retries-token-buckets,Fixing retries with token buckets and circuit breakers,Fixing retries with token buckets and circuit breakers,reading-resource,/[locale]/resources#brooker-retries-token-buckets,L4,technical-depth,"The most practical short piece on why naive retries turn a brownout into an outage, and how to bound retry work per client instead of per call.",open-external,0,,backpressure-flow-control,https://brooker.co.za/blog/2022/02/28/retries.html,,,link-verified,1,0,,shared-foundations,,source,REWRITE,"Add question answered, difficulty, prerequisites, relevant section, essential/deep-dive state.",high
resource:landing-zone-accelerator-on-aws,Landing Zone Accelerator on AWS (solution documentation),Landing Zone Accelerator on AWS (solution documentation),reading-resource,/[locale]/resources#landing-zone-accelerator-on-aws,L5,cloud-platform,"A full reference implementation of a compliant multi-account baseline as code, worth reading even if you only steal its configuration structure.",open-external,0,,guardrails-over-gatekeeping|infrastructure-as-code-as-a-contract|landing-zone-and-account-boundaries,https://docs.aws.amazon.com/solutions/latest/landing-zone-accelerator-on-aws/solution-overview.html,,,link-verified,3,0,,shared-foundations,,source,REWRITE,"Add question answered, difficulty, prerequisites, relevant section, essential/deep-dive state.",high
resource:physalia-nsdi-2020,"Millions of Tiny Databases (Physalia, NSDI 2020)","Millions of Tiny Databases (Physalia, NSDI 2020)",reading-resource,/[locale]/resources#physalia-nsdi-2020,L5,technical-depth,The clearest published example of designing for blast-radius containment: thousands of small Paxos cells placed by failure domain instead of one big consensus system.,open-external,0,,cell-based-architecture|consensus-and-atomic-commit|distributed-failure-modes,https://www.usenix.org/conference/nsdi20/presentation/brooker,,,link-verified,3,0,,shared-foundations,,source,REWRITE,"Add question answered, difficulty, prerequisites, relevant section, essential/deep-dive state.",high
resource:vogels-10-lessons-10-years,10 Lessons from 10 Years of Amazon Web Services,10 Lessons from 10 Years of Amazon Web Services,reading-resource,/[locale]/resources#vogels-10-lessons-10-years,L4,systems-architecture,"Compresses a decade of operating a platform into rules about evolvable APIs, cells, backwards compatibility and instrumentation that survive every technology cycle.",open-external,0,,,https://www.allthingsdistributed.com/2016/03/10-lessons-from-10-years-of-aws.html,,,link-verified,0,0,,shared-foundations,,source,REWRITE,"Add question answered, difficulty, prerequisites, relevant section, essential/deep-dive state.",high
resource:vogels-pretty-big-storage-system,Building and operating a pretty big storage system called S3,Building and operating a pretty big storage system called S3,reading-resource,/[locale]/resources#vogels-pretty-big-storage-system,L5,technical-depth,"The best available account of how physics, heat management and workload decorrelation shape a storage service, plus how durability is actually operated day to day.",open-external,0,,durability-and-crash-recovery|partitioning-sharding,https://www.allthingsdistributed.com/2023/07/building-and-operating-a-pretty-big-storage-system.html,,,link-verified,2,0,,shared-foundations,,source,REWRITE,"Add question answered, difficulty, prerequisites, relevant section, essential/deep-dive state.",high
resource:abl-challenges-distributed-systems,Challenges with distributed systems,Challenges with distributed systems,reading-resource,/[locale]/resources#abl-challenges-distributed-systems,L4,technical-depth,"Names the hard-real-time and Byzantine failure modes that make distributed systems different in kind, not just in degree, from single-machine code.",open-external,0,,designing-for-failure-resilience|distributed-failure-modes,https://aws.amazon.com/builders-library/challenges-with-distributed-systems/,,,link-verified,2,0,,shared-foundations,,source,REWRITE,"Add question answered, difficulty, prerequisites, relevant section, essential/deep-dive state.",high
resource:abl-idempotent-apis,Making retries safe with idempotent APIs,Making retries safe with idempotent APIs,reading-resource,/[locale]/resources#abl-idempotent-apis,L4,technical-depth,Shows how to design idempotency tokens and conditional writes so retries preserve correctness instead of duplicating side effects.,open-external,0,,api-contract-and-idempotency|delivery-semantics-idempotency,https://aws.amazon.com/builders-library/making-retries-safe-with-idempotent-APIs/,,,link-verified,2,0,,shared-foundations,,source,REWRITE,"Add question answered, difficulty, prerequisites, relevant section, essential/deep-dive state.",high
resource:abl-leader-election,Leader election in distributed systems,Leader election in distributed systems,reading-resource,/[locale]/resources#abl-leader-election,L5,technical-depth,"Covers leases, fencing, and split-brain so you know what leader election actually costs before you add it to a design.",open-external,0,,consensus-and-atomic-commit|distributed-failure-modes|replication-models,https://aws.amazon.com/builders-library/leader-election-in-distributed-systems/,,,link-verified,3,0,,shared-foundations,,source,REWRITE,"Add question answered, difficulty, prerequisites, relevant section, essential/deep-dive state.",high
resource:aurora-sigmod-2017,Amazon Aurora: Design Considerations for High Throughput Cloud-Native Relational Databases (SIGMOD 2017),Amazon Aurora: Design Considerations for High Throughput Cloud-Native Relational Databases (SIGMOD 2017),reading-resource,/[locale]/resources#aurora-sigmod-2017,L5,technical-depth,"Shows how pushing the redo log into a quorum-based storage fleet changes the whole cost model of a database, which is the template most cloud-native data services now copy.",open-external,0,,consensus-and-atomic-commit|durability-and-crash-recovery|replication-models,https://www.amazon.science/publications/amazon-aurora-design-considerations-for-high-throughput-cloud-native-relational-databases,,,link-verified,3,0,,shared-foundations,,source,REWRITE,"Add question answered, difficulty, prerequisites, relevant section, essential/deep-dive state.",high
resource:aws-formal-methods-cacm-2015,How Amazon Web Services Uses Formal Methods (CACM 2015),How Amazon Web Services Uses Formal Methods (CACM 2015),reading-resource,/[locale]/resources#aws-formal-methods-cacm-2015,L5,technical-depth,"An honest field report on where TLA+ paid for itself at AWS and where it did not, so you can argue about specifications from evidence rather than taste.",open-external,0,,correctness-under-partial-failure,https://www.amazon.science/publications/how-amazon-web-services-uses-formal-methods,,,link-verified,1,0,,shared-foundations,,source,REWRITE,"Add question answered, difficulty, prerequisites, relevant section, essential/deep-dive state.",high
resource:brooker-dsql-reads-compute,DSQL Vignette: Reads and Compute,DSQL Vignette: Reads and Compute,reading-resource,/[locale]/resources#brooker-dsql-reads-compute,L5,technical-depth,"A designer walking through why Aurora DSQL splits reads, writes and journaling into separately scalable pieces, which is a masterclass in disaggregated architecture.",open-external,0,,consistency-model-spectrum|evolvability-and-data-architecture,https://brooker.co.za/blog/2024/12/04/inside-dsql.html,,,link-verified,2,0,,shared-foundations,,source,REWRITE,"Add question answered, difficulty, prerequisites, relevant section, essential/deep-dive state.",high
resource:brooker-dynamo-dynamodb-dsql,"Dynamo, DynamoDB, and Aurora DSQL","Dynamo, DynamoDB, and Aurora DSQL",reading-resource,/[locale]/resources#brooker-dynamo-dynamodb-dsql,L5,technical-depth,Traces eighteen years of compromises from Dynamo to DSQL so you can see which constraints were fundamental and which were just the hardware of 2007.,open-external,0,,consistency-model-spectrum|linearizability-vs-eventual|pacelc-tradeoffs,https://brooker.co.za/blog/2025/08/15/dynamo-dynamodb-dsql.html,,,link-verified,3,0,,shared-foundations,,source,REWRITE,"Add question answered, difficulty, prerequisites, relevant section, essential/deep-dive state.",high
resource:dataflow-model-vldb-2015,"The Dataflow Model: A Practical Approach to Balancing Correctness, Latency, and Cost in Massive-Scale, Unbounded, Out-of-Order Data Processing (VLDB 2015)","The Dataflow Model: A Practical Approach to Balancing Correctness, Latency, and Cost in Massive-Scale, Unbounded, Out-of-Order Data Processing (VLDB 2015)",reading-resource,/[locale]/resources#dataflow-model-vldb-2015,L5,technical-depth,"Gives you the vocabulary (event time, windows, watermarks, triggers, accumulation) that every modern streaming engine including Flink and Kinesis borrowed.",open-external,0,,delivery-semantics-idempotency|stream-processing-derived-data-systems,https://research.google/pubs/the-dataflow-model-a-practical-approach-to-balancing-correctness-latency-and-cost-in-massive-scale-unbounded-out-of-order-data-processing/,,,link-verified,2,0,,shared-foundations,,source,REWRITE,"Add question answered, difficulty, prerequisites, relevant section, essential/deep-dive state.",high
resource:dynamo-sosp-2007,Dynamo: Amazon's Highly Available Key-value Store (SOSP 2007),Dynamo: Amazon's Highly Available Key-value Store (SOSP 2007),reading-resource,/[locale]/resources#dynamo-sosp-2007,L5,technical-depth,"The paper that made availability-over-consistency an explicit engineering choice, with the quorum, vector-clock and hinted-handoff machinery you still meet inside DynamoDB and Cassandra.",open-external,0,,cap-theorem|linearizability-vs-eventual|partitioning-sharding|replication-models,https://www.allthingsdistributed.com/files/amazon-dynamo-sosp2007.pdf,,,link-verified,4,0,,shared-foundations,,source,REWRITE,"Add question answered, difficulty, prerequisites, relevant section, essential/deep-dive state.",high
resource:firecracker-nsdi-2020,Firecracker: Lightweight Virtualization for Serverless Applications (NSDI 2020),Firecracker: Lightweight Virtualization for Serverless Applications (NSDI 2020),reading-resource,/[locale]/resources#firecracker-nsdi-2020,L5,cloud-platform,"Shows how Lambda and Fargate get hard multi-tenant isolation without giving up density, and what the real boot-time and memory compromises are.",open-external,0,,cold-start-and-warm-path-economics|compute-selection-as-a-tradeoff,https://www.usenix.org/conference/nsdi20/presentation/agache,,,link-verified,2,0,,shared-foundations,,source,REWRITE,"Add question answered, difficulty, prerequisites, relevant section, essential/deep-dive state.",high
resource:kafka-netdb-2011,Kafka: a Distributed Messaging System for Log Processing (NetDB 2011),Kafka: a Distributed Messaging System for Log Processing (NetDB 2011),reading-resource,/[locale]/resources#kafka-netdb-2011,L4,systems-architecture,"Short and blunt about why an append-only partitioned log beats a broker with per-message state, which is the assumption behind most event-driven designs you will inherit.",open-external,0,,async-messaging-when-to-queue|event-driven-architecture-tradeoffs|stream-processing-derived-data-systems,https://notes.stephenholiday.com/Kafka.pdf,,,link-verified,3,0,,shared-foundations,,source,REWRITE,"Add question answered, difficulty, prerequisites, relevant section, essential/deep-dive state.",high
resource:s3-shardstore-lightweight-formal-methods,Using Lightweight Formal Methods to Validate a Key-Value Storage Node in Amazon S3 (SOSP 2021),Using Lightweight Formal Methods to Validate a Key-Value Storage Node in Amazon S3 (SOSP 2021),reading-resource,/[locale]/resources#s3-shardstore-lightweight-formal-methods,L6,technical-depth,"Proves that executable reference models plus property-based testing catch deep durability bugs at a cost a normal team can actually pay, unlike full proofs.",open-external,0,,correctness-under-partial-failure|durability-and-crash-recovery,https://www.amazon.science/publications/using-lightweight-formal-methods-to-validate-a-key-value-storage-node-in-amazon-s3,,,link-verified,2,0,,shared-foundations,,source,REWRITE,"Add question answered, difficulty, prerequisites, relevant section, essential/deep-dive state.",high
resource:spanner-osdi-2012,Spanner: Google's Globally-Distributed Database (OSDI 2012),Spanner: Google's Globally-Distributed Database (OSDI 2012),reading-resource,/[locale]/resources#spanner-osdi-2012,L5,technical-depth,"Shows what it really costs to buy external consistency across regions, and why bounded clock uncertainty is a design input and not a detail.",open-external,0,,consensus-and-atomic-commit|distributed-failure-modes|linearizability-vs-eventual|multi-region-honesty,https://research.google/pubs/spanner-googles-globally-distributed-database-2/,,,link-verified,4,0,,shared-foundations,,source,REWRITE,"Add question answered, difficulty, prerequisites, relevant section, essential/deep-dive state.",high
module:ai-l5-m1,"Eval-Driven Development — evals as the spine, not QA","Desarrollo guiado por evals — las evals como columna vertebral, no como QA",legacy-module,/[locale]/module/ai-l5-m1,L5,6,Build the eval set first and delete it last. It is the contract that lets you change the model underneath your product without breaking it.,read+mcq,9,,,,,,legacy-fleet-authored,4,1729,,ai-architect,,practice,CONVERT_TO_PRACTICE,"Its value is its CBM item bank and Rooms, not its prose; the spine teaches the same ground.",medium
module:ai-l5-m2,RAG that ships — retrieval as a systems discipline,RAG que llega a producción — recuperación como disciplina de sistemas,legacy-module,/[locale]/module/ai-l5-m2,L5,6,"Embed-and-top-k is a demo. Chunk with intent, retrieve hybrid, rerank, and measure retrieval on its own.",read+mcq,9,ai-l5-m1,,,diagram:context-rot,,legacy-fleet-authored,4,1870,,ai-architect,,practice,CONVERT_TO_PRACTICE,"Its value is its CBM item bank and Rooms, not its prose; the spine teaches the same ground.",medium
module:ai-l5-m3,Agents & MCP — autonomy as a spectrum of tradeoffs,Agentes y MCP — la autonomía como un espectro de tradeoffs,legacy-module,/[locale]/module/ai-l5-m3,L5,6,Exhaust the boring workflow first. Reach for agency only when a simpler pattern provably fails — and pay for the tokens with your eyes open.,read+mcq,11,ai-l5-m2,,,diagram:agent-spectrum,,legacy-fleet-authored,4,2177,,ai-architect,,practice,CONVERT_TO_PRACTICE,"Its value is its CBM item bank and Rooms, not its prose; the spine teaches the same ground.",medium
module:ai-l5-m4,Securing LLM Systems — OWASP LLM Top 10 (2025) as a Threat Model,Asegurar sistemas LLM — el OWASP LLM Top 10 (2025) como modelo de amenazas,legacy-module,/[locale]/module/ai-l5-m4,L5,6,"Injection is unsolved. You defend by shrinking blast radius, not by detecting the attack.",read+mcq,9,ai-l5-m3,,,diagram:lethal-trifecta,,legacy-fleet-authored,4,1792,,ai-architect,,practice,CONVERT_TO_PRACTICE,"Its value is its CBM item bank and Rooms, not its prose; the spine teaches the same ground.",medium
module:ai-l5-m5,Unit Economics & Observability,Economía unitaria y observabilidad,legacy-module,/[locale]/module/ai-l5-m5,L5,6,"A Staff engineer owns cost-per-successful-task — not cost-per-call. Measure it, then cut it without regressing quality.",read+mcq,9,ai-l5-m3,,,,,legacy-fleet-authored,4,1813,,ai-architect,,practice,CONVERT_TO_PRACTICE,"Its value is its CBM item bank and Rooms, not its prose; the spine teaches the same ground.",medium
module:gen-l5-m1,Consistency & Tradeoffs,Consistencia y tradeoffs,legacy-module,/[locale]/module/gen-l5-m1,L5,1,"Two axes, not one ladder. Pick the weakest model that holds the invariant.",read+mcq,4,,,,diagram:consistency-lattice|diagram:pacelc,,legacy-fleet-authored,3,810,,staff-engineer,,practice,CONVERT_TO_PRACTICE,"Its value is its CBM item bank and Rooms, not its prose; the spine teaches the same ground.",medium
module:gen-l5-m2,Distributed Transactions Without 2PC,Transacciones distribuidas sin 2PC,legacy-module,/[locale]/module/gen-l5-m2,L5,2,"Sagas, outbox, idempotency — and knowing when a local transaction beats all of it.",read+mcq,5,gen-l5-m1,,,,,legacy-fleet-authored,3,918,,staff-engineer,,practice,CONVERT_TO_PRACTICE,"Its value is its CBM item bank and Rooms, not its prose; the spine teaches the same ground.",medium
module:gen-l5-m3,Architecture Restraint,Mesura arquitectónica,legacy-module,/[locale]/module/gen-l5-m3,L5,2,"The simplest sufficient design, and the discipline to not build more.",read+mcq,4,gen-l5-m2,,,,,legacy-fleet-authored,3,896,,staff-engineer,,practice,CONVERT_TO_PRACTICE,"Its value is its CBM item bank and Rooms, not its prose; the spine teaches the same ground.",medium
module:gen-l5-m4,Caching & Failure Design,Caché y Diseño de Fallos,legacy-module,/[locale]/module/gen-l5-m4,L5,1,"Cache the load, not the truth. Design what happens when it's cold.",read+mcq,4,gen-l5-m3,,,,,legacy-fleet-authored,3,853,,staff-engineer,,practice,CONVERT_TO_PRACTICE,"Its value is its CBM item bank and Rooms, not its prose; the spine teaches the same ground.",medium
module:gen-l5-m5,Reliability Economics,Economía de la Fiabilidad,legacy-module,/[locale]/module/gen-l5-m5,L5,3,Percentiles are the truth. The error budget is the throttle.,read+mcq,4,gen-l5-m4,,,,,legacy-fleet-authored,3,868,,staff-engineer,,practice,CONVERT_TO_PRACTICE,"Its value is its CBM item bank and Rooms, not its prose; the spine teaches the same ground.",medium
module:gen-l5-m6,Design Docs & RFCs,Design Docs y RFCs,legacy-module,/[locale]/module/gen-l5-m6,L5,4,"The doc is where the decision gets made. 'Yes, if' beats 'no'.",read+mcq,4,gen-l5-m5,,,,,legacy-fleet-authored,3,808,,staff-engineer,,practice,CONVERT_TO_PRACTICE,"Its value is its CBM item bank and Rooms, not its prose; the spine teaches the same ground.",medium
module:gen-l5-m7,The Judgment of What Matters,El Juicio de Lo Que Importa,legacy-module,/[locale]/module/gen-l5-m7,L5,2,Your calendar is the honest audit of your priorities. Most of it is spent on work that feels productive and moves nothing.,read+mcq,5,gen-l5-m6,,,,,legacy-fleet-authored,3,964,,staff-engineer,,practice,CONVERT_TO_PRACTICE,"Its value is its CBM item bank and Rooms, not its prose; the spine teaches the same ground.",medium
module:gen-l5-m8,Influence Without Authority,Influencia Sin Autoridad,legacy-module,/[locale]/module/gen-l5-m8,L5,4,"You will lead people who don't report to you, on decisions you can't mandate. The lever isn't power. It's trust you've made predictable.",read+mcq,5,gen-l5-m7,,,,,legacy-fleet-authored,3,1033,,staff-engineer,,practice,CONVERT_TO_PRACTICE,"Its value is its CBM item bank and Rooms, not its prose; the spine teaches the same ground.",medium
module:gen-l5-m9,Leveling Up Others,Hacer Crecer a Otros,legacy-module,/[locale]/module/gen-l5-m9,L5,5,"Advice is cheap and you can give it forever without spending anything. Sponsorship costs you capital, which is exactly why it moves careers.",read+mcq,4,gen-l5-m8,,,,,legacy-fleet-authored,2,734,,staff-engineer,,practice,CONVERT_TO_PRACTICE,"Its value is its CBM item bank and Rooms, not its prose; the spine teaches the same ground.",medium